#字,全等,語義交疊,簡體,繁體
㐀,,丘,,
㐅,,五,,
㐫,,凶,,
㐮,,襄,,
㐯,,庸,,
㐱,,鬒,,
㐴,,攀,,
㐽,,,,偑
㑁,,𠭴,,
㑄,,侮,,
㑇,,,,㑳
㑈,,,,倲
㑌,,尩,,
㑔,,,,㑯
㑝,,𢙱,,
㑩,,,,儸
㑯,,,㑔,
㑳,,,㑇,
㒇,,儛,,
㒋,,廝厮,,
㒓,,,𠉂,
㒚,,穩,,
㒞,,儶,,
㒰,,全,,
㒲,,財,,
㒷,,興,,
㓁,,网,,
㓟,,,,
㓥,,,,劏
㓨,,,刾,
㓮,,彫雕,,
㓷,,劓,,
㓸,,斲,,
㔉,,,,劚
㔍,,䥷,,
㔱,,斞,,
㔾,,卩,,
㕑,,厨𢊍,,
㕚,,爫爪,,
㕞,,刷,,
㖈,䎛,,,
㖊,,,,噚
㖞,,,,喎
㗖,,噉啗啖,,
㗲,,,𠵾,
㗳,,嗒,,
㘅,,啣銜,,
㘎,,,,㘚
㘚,,,㘎,
㘽,㦳,,,
㙮,,塔,,
㙳,,轗,,
㚝,,奎奞,,
㚣,,姣,,
㚯,,,,㜄
㛀,,,,媰
㛛,,娠,,
㛟,,,,𡞵
㛠,,,,𡢃
㛣,,,,㜏
㛤,,,,孋
㛿,,,,𡠹
㜄,,,㚯,
㜏,,,㛣,
㜢,,,𡞱,
㜷,,,𡝠,
㝃,,娩,,
㝛,,宿,,
㝵,,礙碍,,
㞐,,居,,
㞞,,,𪨊,
㟆,,,,㠏
㟗,,邠豳,,
㟜,,,,𡾱
㠊,,嶇,,
㠏,,,㟆,
㠯,,以,,
㠶,,帆,,
㡘,,𢅏,,
㡿,,斥,,
㢝,,,𢋈,
㣶,,邅,,
㣺,,心,,
㣼,,忍,,
㤒,,笨,,
㤘,,,,㥮
㤵,,慈,,
㥃,,懣悶,,
㥮,,,㤘,
㥵,,慁,,
㦎,,,𢛯,
㦧,,憯,,
㦳,㘽,,,
㧃,,收,,
㧏,,,,掆
㧐,,,,㩳
㧑,,,,撝
㧖,,扼搤,,
㧜,,擸,,
㧟,,,,擓
㧰,,,,擽
㨉,,抿,,
㨨,,㩅,,
㨫,,,,㩜
㨼,,撂,,
㩁,,搉,,
㩅,,㨨,,
㩜,,擥攬,㨫,
㩳,,,㧐,
㩹,,𢶣,,
㪅,,更,,
㪯,,舉,,
㫃,,偃,,
㫚,,昒,,
㬅,,曼,,
㬱,,朁,,
㬹,,踭,,
㭎,,,,棡
㭏,,,,椲
㭣,,,,𣙎
㭤,,,,樢
㭨,,椰,,
㭴,,,,樫
㮣,,槩槪,,
㯃,,桼漆,,
㯭,,樐櫓,,
㯶,,棕,,
㯽,,檳,,
㰍,,櫳,,
㱩,,,,殰
㱮,,,,殨
㱿,,壳殼,,
㲒,,勽,,
㲓,,毧,,
㲿,,,,瀇
㳄,,涎,,
㳔,,,,濧
㳕,,,,灡
㳠,,,,澾
㳡,,,,濄
㳢,,,,𣾷
㳽,,,,瀰
㴑,,溯,,
㴔,,潝,,
㵒,,沸,,
㶉,,,,鸂
㶶,,,,燶
㶽,,,,煱
㷉,,熨,,
㷠,,燐粦,,
㷻,,煳,,
㷿,,,𤈷,
㺍,,,,獱
㺏,,,𤠋,
㻅,,,,璯
㻏,,,,𤫩
㻘,,,,𤪺
㽣,,域,,
㽽,,痼,,
㾙,,脪,,
㿟,,皎皦,,
㿧,,,𤽯,
㿷,,糙,,
䀋,,鹽,,
䀠,,瞿,,
䀢,,瞬,,
䀥,,,,䁻
䀹,,睫,𥅴,
䁖,,,,瞜
䁪,,,𥇢,
䁻,,,䀥,
䂀,,𥋟,,
䂫,,夯,,
䂵,,,,碽
䃉,,珉,,
䃘,,硜,,
䄃,,殃,,
䄍,,蜡,,
䄯,,𢆞,,
䄺,,稊,,
䅉,,,,稏
䅪,,,,𥢢
䆋,龝,秋,,
䆔,,竉,,
䆫,,窓窗,,
䇲,,,,筴
䈇,,罩,,
䉙,,,𥬀,
䉤,,,,籔
䉬,,,𫂈,
䉲,,,𥮜,
䉵,,籑饌,,
䊜,,糰,,
䊭,,,𥺅,
䊷,,,䌶,
䋙,,,䌺,
䋚,,,䌻,
䋲,,繩,,
䋻,,,䌾,
䋿,,,𦈓,
䌈,,,𦈖,
䌋,,,𦈘,
䌖,,,𦈜,
䌝,,,𦈟,
䌟,,,𦈞,
䌥,,縯,𦈠,
䌫,,纜,,
䌰,,,𦈙,
䌶,,,,䊷
䌷,,,,紬
䌸,,,,縳
䌹,,,,絅
䌺,,,,䋙
䌻,,,,䋚
䌼,,,,綐
䌽,,,,綵
䌾,,,,䋻
䍀,,,,繿
䍁,,,,繸
䎛,㖈,,,
䏕,,飪,,
䐰,,饈,,
䒒,,苕,,
䓕,,,,薳
䔛,,檾,,
䕌,,稚,,
䕳,,,𦰴,
䖈,,虐,,
䖍,,虔,,
䖏,,處処,,
䖟,,蝱,,
䖣,,蚤,,
䖵,,蜫,,
䗖,,,,螮
䗿,,,𧉞,
䘑,,脉,,
䘚,,卒,,
䘛,,,,𧝞
䘞,,,,𧜗
䘺,,綻,,
䙊,,,,𧜵
䙌,,,,䙡
䙓,,,,襬
䙝,,褻褺,,
䙡,,,䙌,
䚎,,𥅾,,
䛡,,話,,
䛻,,誘,,
䛼,,譭,,
䜀,,,䜧,
䜊,,嘈,,
䜣,,,,訢
䜥,,,,𧩙
䜧,,,,䜀
䜩,,,,讌
䜶,,豇,,
䝋,,豵,,
䝙,,,,貙
䝜,,狻,,
䝤,,獠,,
䝻,,,𧹕,
䝼,,,䞍,
䞈,,,𧹑,
䞌,,,,𧵳
䞍,,,,䝼
䞎,,,,𧶧
䞐,,,,賰
䞓,,赬,,
䟢,,,,躎
䠱,,躅,,
䢀,,,,𨊰
䢁,,,,𨊸
䢂,,,,𨋢
䢙,,敗,,
䢨,,,𨑹,
䣩,,醇,,
䤍,,𨢥,,
䥀,,捵,,
䥇,,,䦂,
䥨,,鑢,,
䥩,,,𨱖,
䥱,,,䥾,
䥷,,㔍,,
䥺,,,,釾
䥽,,,,鏺
䥾,,,,䥱
䥿,,,,𨯅
䦀,,,,𨦫
䦁,,,,𨧜
䦂,,,,䥇
䦃,,,,鐯
䦅,,,,鐥
䦓,,覘𦕒,,
䦘,,,𨸄,
䦛,,,䦶,
䦟,,,䦷,
䦳,,,𨷿,
䦶,,,,䦛
䦷,,,,䦟
䧢,,,𨸟,
䨘,,霰,,
䩞,,韂,,
䪊,,龓,,
䪏,,,𩏼,
䪗,,,𩐀,
䪘,,,𩏿,
䪿,,囟,,
䫴,,,𩖗,
䬒,,颼,,
䬘,,,𩙮,
䬝,,,𩙯,
䬞,,,𩙧,
䬡,,翥,,
䭀,,,𩠇,
䭃,,,𩠈,
䭪,,,,𩞯
䭾,,馱,,
䭿,,,𩧭,
䮝,,,𩧰,
䮞,,,𩨁,
䮠,,,𩧿,
䮫,,,𩨇,
䮳,,,𩨏,
䮾,,,𩧪,
䯀,,,䯅,
䯃,,,,𩣑
䯄,,,,騧
䯅,,,,䯀
䯌,,尻,,
䯻,,髻,,
䰗,鬮,,,
䰾,,,鲃,
䱇,,鱓,,
䱙,,,𩾈,
䱬,,,𩾊,
䱰,,,𩾋,
䱷,,漁,䲣,
䱽,,鯧,䲝,
䲁,,,鳚,
䲖,,,𩾂,
䲝,,,,䱽
䲞,,,,𩶘
䲟,,,,鮣
䲠,,,,鰆
䲡,,,,鰌
䲢,,,,鰧
䲣,,,,䱷
䲰,,,𪉂,
䴉,,,鹮,
䴓,,,,鳾
䴔,,,,鵁
䴕,,,,鴷
䴖,,,,鶄
䴗,,,,鶪
䴘,,,,鷈
䴙,,,,鷿
䴬,,,𪎈,
䴴,,,𪎋,
䴹,,餜,,
䵑,,䵒,,
䵒,,䵑,,
䶏,,涕,,
䶮,,,,龑
一,,壹弌,,
七,,柒,,
丄,上,,,
丅,下,,,
万,,卍萬,,萬
三,,叁,,
上,丄,,,
下,丅,,,
丌,亓其,,,
不,,,,
与,,與,,與
丐,,匃,,
丑,,,,醜
专,,,,專
丕,,,,
世,卋丗,,,
丗,世,,,
丘,丠,㐀坵,,
业,,,,業
丛,,,,叢
东,,東,,東
丝,,,,絲
丟,,丢,丢,
丠,丘,,,
両,,兩,两,
丢,,丟,,丟
丣,酉,,,
两,,両兩,,兩
严,,,,嚴
並,竝,併,并,
丧,,,,喪
个,,個箇,,個
丬,爿,,,
中,,,,
丰,,,,豐
丱,卝,,,
串,,,,
临,,,,臨
丹,,,,
为,,,,爲為
丼,,,,
丽,,,,麗
举,,,,舉
乃,,迺廼,,
久,乆,,,
乆,久,,,
乇,,,,
么,,幺,,幺麽麼
义,,義,,義
乌,,,,烏
乐,,,,樂
乔,,喬,,喬
乕,虎,,,
乗,乘,,,
乘,乗,,,
乚,,隱,,
九,,玖,,
习,,,,習
乡,,,,鄉
书,,,,書
乩,,,,
买,,,,買
乱,,亂,,亂
乾,亁,,干,
亀,龜,,,
亁,乾,,,
亂,,,乱,
了,,瞭,,
予,,,,
争,,爭,,爭
亊,事,,,
事,亊,,,
二,,貳弍貮,,
亍,街,,,
于,,扵於,,於
亏,,,,虧
云,,,,雲
亓,丌其,,,
五,,㐅,,
井,,,,
亗,,歲𡻕,,
亘,亙,,,
亙,亘,,,
亚,,,,亞
亜,,,亞,
亝,斉齊,,,
亞,亜,,亚,
亡,兦亾,,,
产,,,,產
亩,,,,畝
享,亯,,,
京,亰,,,
亮,,,,
亯,享,,,
亰,京,,,
亱,夜,,,
亲,,榛,,親
亵,,,,褻
亷,廉,,,
亸,,,,嚲
人,,亻,,
亻,,人,,
亼,,集,,
亾,,亡,,
亿,,,,億
什,,,,
仁,忈,,,
仂,,,,
仃,停,,,
仅,,,,僅
仆,,,,僕
仇,,讐讎,,
从,,從,,從
仏,佛,,,
仑,,,,侖
仓,,,,倉
他,,她牠,,
仙,,僊,,
仝,,同,,
仞,仭,,,
仟,,阡千,,
令,,,,
以,,㠯,,
仪,,,,儀
们,,,,們
仭,仞,,,
仮,假,,,
仳,,,,
价,,,,價
任,,,,
仼,,,,
份,,,,
仾,,低,,
仿,,倣髣彷,,
伀,,彸,,
伃,,妤,,
伍,,,,
众,,,,眾
优,,,,優
伙,,夥,,
会,,會,,會
伛,,,,傴
伜,倅,,,
伝,傳,,,
伞,,,,傘
伟,,,,偉
传,,,,傳
伡,,,,俥
伣,,,,俔
伤,,,,傷
伥,,,,倀
伦,,,,倫
伧,,,,傖
伩,信,,,
伪,,,,僞
伫,,,,佇
伭,,玄,,
伱,,你,,
伲,,,,
伷,,冑胄,,
伸,,,,
佇,,竚,伫,
佈,,布,布,
佋,,紹,,
低,,仾,,
佑,,祐,,
体,,體軆,,體
佔,,占,,
佗,,它,,
余,,予,余,余餘
佛,仏,,,
佞,侫,,,
你,,伱妳,,
佣,,,,傭
佥,,,,僉
佬,,,,
佰,,百,,
併,倂,併𠊧,并,
侁,,駪詵,,
侂,,託,,
侄,姪,,,
侅,,賅,,
來,,徠,来,
侉,,,,
侎,,敉,,
侖,,崙,仑,
侚,,殉狥,,
侠,,,,俠
価,價,,,
侣,,侶,,侶
侥,,,,僥
侦,,,,偵
侧,,,,側
侨,,,,僑
侩,,,,儈
侪,,,,儕
侫,佞,,,
侬,,,,儂
侭,儘,,,
侮,,㑄,,
侶,,侣,侣,
便,,,,
俁,,,俣,
係,,,系,
俈,,嚳,,
俊,儁,,,
俎,爼,,,
俓,,徑,,
俔,,,伣,
俞,兪,,,
俟,,竢,,
俠,,,侠,
信,伩,,,
俣,,,,俁
俥,伡,,伡,
俦,,,,儔
俨,,,,儼
俩,,,,倆
俪,,,,儷
俫,,,,倈
俭,,,,儉
俯,,頫,,
俱,倶,,,
俲,,効效,,
俻,備偹,,,
倀,,,伥,
倂,併,,,
倅,伜,,,
倆,,,俩,
倈,,勑徠,俫,
倉,,,仓,
個,,个箇,个,
倏,,倐,,
倐,,倏,,
們,,,们,
倖,,幸,,
倘,,儻,,
借,,藉,,
倣,,仿,,
値,值,,,
倫,,,伦,
倲,,,㑈,
倶,俱,,,
倹,儉,,,
债,,,,債
值,値,,,
倾,,,,傾
偁,,稱穪,,
偃,,㫃,,
假,仮,,,
偉,,,伟,
偊,,踽,,
偎,,,,
偐,,贋贗,,
偑,,,㐽,
偒,,蕩,,
停,仃,,,
健,,徤,,
偪,,逼,,
偬,,,,傯
側,,,侧,
偵,,,侦,
偷,偸,,,
偸,偷,,,
偹,備俻,,,
偺,,咱昝,,
偻,,,,僂
偽,僞,,伪,
偾,,,,僨
偿,,,,償
傁,,叜叟,,
傌,,罵,,
傍,,,,
傏,,搪,,
傑,,杰,杰,
傖,,,伧,
傘,,繖,伞,
備,偹俻,,备,
傜,,徭,,
傢,家,,,
傤,儎,,,
傥,,,,儻
傧,,,,儐
储,,,,儲
傩,,,,儺
傭,,,佣,
傯,,,偬,
傳,伝,,传,
傴,,,伛,
債,,,债,
傷,,,伤,
傻,,儍,,
傽,,慞,,
傾,,,倾,
僂,,,偻,
僅,,,仅,
僉,,,佥,
僊,,仙,,
働,,,,
像,,,,
僑,,,侨,
僕,,,仆,
僚,,,,
僞,偽,,伪,
僣,僭,,,
僥,徺儌,,侥,
僨,,,偾,
僭,僣,,,
僱,,雇,,
價,価,,价,
儀,,,仪,
儁,俊,,,
儂,,,侬,
億,,,亿,
儆,,警,,
儈,,,侩,
儉,倹,,俭,
儌,僥,,,
儍,,傻,,
儎,傤,,,
儐,,,傧,
儓,,枱檯,,
儔,,,俦,
儕,,,侪,
儗,擬,,,
儘,侭,,尽,
儛,,㒇,,
償,,,偿,
儡,,,,
儣,,,𠆲,
優,,,优,
儭,,襯,,
儲,,,储,
儶,,㒞,,
儷,,,俪,
儸,,,㑩,
儺,,,傩,
儻,,倘,傥,
儼,,,俨,
儿,,,,兒
兀,,,,
兇,凶,,,
光,灮,,,
克,,,,剋
兌,,兑,兑,
兎,,兔,,
児,兒,,,
兑,,兌,,兌
兒,児,,儿,
兔,,兎,,
兖,,,,兗
兗,,,兖,
党,,,,黨
兦,亡,,,
內,,,内,
全,,㒰,,
兩,,両,两,
兪,俞,,,
八,,捌,,
六,,,,
兮,,𠔃,,
兰,,,,蘭
关,,,,關
兴,,,,興
其,亓丌,,,
兹,,茲玆,,茲
养,,,,養
兽,,,,獸
兿,芸藝,,,
冁,,,,囅
冂,,坰冋,,
冄,,冉,,
内,,,,內
円,圓圎,,,
冈,,,,岡
冉,,冄,,
冊,,,册,
冋,,坰冂,,
册,,,,冊
冐,冒,,,
冑,伷,,,
冒,冐,,,
冗,,宂,,
写,,,,寫
军,,,,軍
农,,,,農
冝,宜,,,
冢,塚,,,
冤,,寃,,
冦,寇,,,
冨,富,,,
冩,,寫,,
冪,,羃鼏,幂,
冫,冰氷,,,
冬,,,,鼕
冯,,,,馮
冰,冫氷,,,
冱,沍,,,
冲,,,,衝沖
决,,決,,決
况,,況,,況
冷,,,,
冻,,,,凍
冽,洌,,,
净,淨浄凈,,,凈
凂,,浼,,
凃,塗,,,
凄,淒,悽,,
凅,涸,,,
准,,,,準
凈,,淨,净,
凉,,涼,,涼
凋,,,,
凌,,,,
凍,,,冻,
减,,減,,減
凑,,湊,,湊
凖,準,,,
凙,,,𪞝,
凛,,懔,,凜
凜,,,凛,
几,,,,幾
凡,,凣凢,,
凢,,凡,,
凣,,凡,,
凤,,,,鳳
処,處,䖏,,
凨,風,,,
凫,,,,鳧
凭,,,,憑
凯,,,,凱
凱,,,凯,
凳,,櫈,,
凴,,憑,,
凶,兇,㐫,,
凷,塊,,,
凹,,𠕄,,
出,岀,,,
击,,,,擊
凼,幽,,,
函,圅凾,,,
凾,圅函,,,
凿,,,,鑿
刀,,刂,,
刂,,刀,,
刃,刄,,,
刄,刃,,,
刅,,創,,
分,,,,
切,,,,
刈,苅,,,
刊,,刋,,
刋,,刊,,
刍,,,,芻
划,,,,劃畫
刓,,园,,
刔,抉,,,
列,,,,
刘,,劉,,劉
则,,,,則
刚,,,,剛
创,,,,創
删,,刪,,刪
別,别,,别,
刦,劫刼刧,,,
刧,劫刦刼,,,
刨,,鉋,,
利,,𥝢,,
刪,,删,删,
别,別,,,別
刬,,,,剗
刭,,,,剄
刮,,,,颳
刱,剏,創,,
刴,剁,,,
制,,,,製
刷,,㕞,,
券,劵,,,
刹,,,,剎
刺,刾,,,
刼,劫刦劫,,,
刽,,,,劊
刾,刺,,,㓨
刿,,,,劌
剀,,,,剴
剁,刴,,,
剂,,,,劑
剃,,鬀,,
剄,,,刭,
則,,,则,
剉,,,,
剋,尅,,克,
剌,,,,
剎,,,刹,
剏,刱,,,
剐,,,,剮
剑,,,,劍
剗,剷,,刬,
剙,創,,,
剛,,,刚,
剝,,,剥,
剣,剱劍,,,
剤,劑,,,
剥,,,,剝
剦,,閹,,
剧,,,,劇
剩,剰賸,,,
剪,,翦,,
剮,,,剐,
剰,剩,,,
剱,剣劍,,,
剳,箚札,劄,,
剴,,,剀,
創,剙,刱刅戧,创,
剷,剗,鏟,,
剾,,,𠛅,
剿,勦,𠞰,,
劃,,,划,
劄,,剳,,
劆,鐮,,,
劇,,,剧,
劈,,擗,,
劉,,刘,刘,
劊,,,刽,
劌,,,刿,
劍,剱剣釼劔釖,劒,剑,
劎,,劔,,
劏,,,㓥,
劑,剤,,剂,
劒,,劍,,
劓,,㓷,,
劔,劍,劎,,
劚,,,㔉,
力,,,,
劝,,勸,,勸
办,,辦,,辦
务,,,,務
劢,勵,,,勱
劣,,,,
动,,,,動
劫,刼刧刦,,,
励,,,,勵
劲,,,,勁
劳,,,,勞
労,勞,,,
劵,券,,,
効,效,俲,,
势,,,,勢
勁,,,劲,
勃,艴,,,
勄,,敏,,
勅,,勑敕,,
勋,,,,勛
勑,,倈敕勅徠,,
勒,,,,
動,,,动,
勖,,勗,,
勗,朂,勖,,
務,,,务,
勚,,,,勩
勛,,勳勲,勋,
勝,,,胜,
勞,労,,劳,
勢,,,势,
勤,懃,,,
勦,剿,,,
勧,勸,,,
勩,,,勚,
勰,,恊協,,
勱,,,劢,
勲,勛,,,
勳,勛,,,
勵,劢,,励,
勸,勧,劝,劝,
勹,,包,,
勻,,匀,匀,
勽,,㲒菢,,
勾,,句,,
匀,,勻,,勻
匃,,丐匄,,
匄,,匃,,
包,,勹,,
匆,悤,,,
匈,,,,
匊,,掬,,
匋,,陶,,
匏,,瓟,,
北,,,,
匘,,腦,,
匙,,鍉,,
匝,,帀迊,,
匦,,,,匭
匧,,篋,,
匭,,,匦,
匮,,,,匱
匯,,滙,汇,
匱,,,匮,
匳,,奩,,
匵,,櫝,,
匹,,疋,,
区,,,,區
医,,醫,,醫
匿,,,,
區,,,区,
十,,,,
千,,仟,,
卄,廿廾,,,
卆,卒,,,
升,昇陞,,,
卉,,芔,,
卋,世,,,
卍,,卐,,
华,,,,華
协,,,,協
卐,,卍,,
卒,卆,䘚,,
卓,,,,
協,恊,勰旪,协,
单,,單,,單
卖,,,,賣
単,單,,,
博,,愽,,
卝,丱,,,
占,佔,,,
卢,,,,盧
卤,,,,鹵
卧,,臥,,
卩,部,㔾,,
卫,,,,衛
卬,,卭,,
卭,,卬,,
卮,巵,,,
卯,夘戼,,,
即,卽,,,
却,,卻,,卻
卵,,,,
卷,巻捲,,,
卸,缷,,,
卹,,賉恤,,
卻,,却,却,
卽,即,,,
厂,,,,廠
厄,阨,戹,,
厅,,,,廳
历,歴歷,厲,,歷曆
厉,,,,厲
压,,,,壓
厌,,,,厭
厍,,,,厙
厎,,砥,,
厐,龐厖龎,,,龎
厓,,崖,,
厕,廁厠,,,廁
厖,龐龎厐,庬,,
厘,,釐,,釐
厙,,,厍,
厛,庁廰廳,,,
厠,廁,,厕,
厢,,,,廂
厣,,,,厴
厤,,曆,,
厦,,廈,,廈
厨,,㕑廚𢊍,,廚
厩,,廐,,廄
厪,,廑,,
厭,,,厌,
厮,,㒋廝,,廝
厰,廠,,,
厲,,历,厉,
厳,嚴,,,
厴,,,厣,
厵,源沅,,,
厶,私,某,,
厷,,肱,,
厹,,叴,,
县,,,,縣
叁,參,三,,叄
参,,,,參
參,叁蓡叄,叅,参,
叄,參,,叁,
叅,,參,,
叆,靉,,,
叇,靆,,,
叉,,,,
双,,雙,,雙
収,收,,,
发,発彂發,,,發髮
叔,,尗,,
变,,變,,變
叙,敘敍,,,敘
叜,傁叟,,,
叝,,,,
叟,傁叜,,,
叠,,曡疊,,疊
叡,,睿,,
叢,,樷,丛,
句,,勾,,
叨,,饕,,
只,,祗,,隻
叫,,呌,,
台,,臺,台,颱台臺檯
叴,,厹,,
叵,,尀,,
叶,,,,葉
号,,號,,號
叹,,,,嘆
叽,,,,嘰
吁,籲,,,
吃,,喫,,
吅,,喧,,
合,閤,,,
吊,,弔,,
吋,,,,
同,,,,衕
后,,,后,後后
吏,,,,
向,,曏嚮,,嚮
吒,,咤,咤,
吓,,,,嚇
吕,呂,,,呂
吗,,,,嗎
吚,,咿,,
吝,恡悋,,,
吞,呑,,,
吟,,唫,,
吣,,唚,,唚
吨,,啍,,噸
含,,,,
听,,聽,,聽
启,啓啟,,,啟
吲,,哂,,
吳,呉,,吴,
吴,,,,吳
吶,,訥,呐,
吸,,噏,,
吹,,龡,,
吻,,呡肳,,
吿,告,,,
呂,吕,,吕,
呃,,,,
呆,騃,獃,,
呉,吳,,,
告,吿,,,
呌,,叫,,
呐,,,,吶
呑,吞,,,
呒,,,,嘸
呓,,,,囈
呕,,,,嘔
呖,,,,嚦
呗,,,,唄
员,,,,員
呙,,,,咼
呛,,,,嗆
呜,,,,嗚
呠,,歕噴,,
呡,,吻,,
周,,週,,
呪,詋咒,,,
呱,哌,,,
呴,,,,
呵,诃嗬訶,,,
呼,嘑謼虖,,,
咀,,觜嘴,,
咂,,𠯗,,
咊,和,龢,,
和,咊,龢,,
咏,,詠,,詠
咒,呪,,,
咙,,,,嚨
咛,,,,嚀
咝,,,,噝
咤,,吒,,
咥,,,,
咨,,諮,,
咩,,哶,,
咬,齩,,,
咮,,,,
咯,詻,,,
咱,,偺,,
咲,笑,,,
咳,,欬,,
咷,,啕,,
咸,,,,鹹
咼,,,呙,
咽,,嚥,,
咿,,吚,,
哂,,吲,,
哄,鬨閧,,,
哌,呱,,,
响,,響,,響
哑,,,,啞
哒,,,,噠
哓,,,,嘵
哔,,,,嗶
哕,,,,噦
哗,譁嘩,,,嘩
哙,,,,噲
哜,,,,嚌
哝,,,,噥
哟,,,,喲
員,,,员,
哦,,誐,,
哯,,,𠯟,
哲,,悊喆,,
哴,,喨,,
哶,,咩,,
哼,,,,
唁,,喭,,
唄,,,呗,
唅,,,,
唇,脣,,,
唉,,欸,,
唊,,硤,,
唖,啞,,,
唚,,吣,吣,
唛,,,,嘜
唝,,,,嗊
唠,,,,嘮
唡,,,,啢
唢,,,,嗩
唤,,,,喚
唧,喞,,,
唫,,吟,,
唬,,虓諕猇,,
唷,唹,,,
唹,唷,,,
唾,,涶,,
啃,,齦,,
啊,,,,
啍,,吨,,
啎,,忤,,
問,,,问,
啓,启啟啔,啟,,
啔,啓,,,
啕,,咷,,
啖,啗,噉啗㗖,,
啗,啖,噉啖㗖,,
啜,,諁歠欼,,
啞,唖,瘂,哑,
啟,啓启,,启,
啢,,,唡,
啣,,㘅,,
啧,,,,嘖
啬,,,,嗇
啭,,,,囀
啮,,,,嚙
啯,嘓,,,嘓
啰,囉,,,囉
啴,,,,嘽
啸,,,,嘯
啼,,嗁,,
喂,,餧,,
喃,嫐娚,諵,,
善,譱,,,
喆,,哲,,
喇,,,,
喎,,,㖞,
喐,,郁,,
喒,,昝,,
喚,,,唤,
喜,,憙,,
喞,唧,,,
喧,,諠吅,,
喨,,哴,,
喩,喻,,,
喪,,,丧,
喫,,吃,,
喬,,乔,乔,
喭,,唁,,
單,単,单,单,
喰,,,,
喲,,,哟,
営,營,,,
喷,,,,噴
喻,喩,,,
喽,,,,嘍
喾,,,,嚳
喿,,噪,,
嗀,,,,
嗁,,啼,,
嗅,,齅,,
嗆,,,呛,
嗇,,,啬,
嗉,,膆,,
嗊,,,唝,
嗎,,,吗,
嗒,,㗳,,
嗚,,,呜,
嗞,,,,
嗥,,嘷嚎,,
嗩,,,唢,
嗫,,,,囁
嗬,呵,,,
嗳,,,,噯
嗶,,,哔,
嗹,,,𪡏,
嗻,,,,
嗽,,瘶,,
嘆,,歎,叹,
嘈,,䜊,,
嘍,,謱,喽,
嘎,尜,,,
嘑,呼,,,
嘓,啯,,啯,
嘔,,,呕,
嘖,,,啧,
嘗,甞,,尝,
嘘,,,,噓
嘜,,,唛,
嘤,,,,嚶
嘨,嘯,,,
嘩,,譁,哗,
嘮,,,唠,
嘯,嘨,歗,啸,
嘰,,,叽,
嘱,,囑,,囑
嘴,,咀觜,,
嘵,,,哓,
嘷,,嗥,,
嘸,,,呒,
嘻,,,,
嘽,,,啴,
嘿,,默,,
噁,恶,,,
噂,,譐,,
噅,噕,,𠯠,
噉,,啖啗㗖,,
噏,,吸,,
噐,器,,,
噑,,嚎,,
噓,,,嘘,
噕,噅,,,
噚,,,㖊,
噜,,,,嚕
噝,,,咝,
噠,,,哒,
噥,,,哝,
噦,,𧬨,哕,
器,噐,,,
噪,,譟喿,,
噯,,,嗳,
噲,,,哙,
噴,,呠歕,喷,
噸,,,吨,
噹,,,当,
嚀,,,咛,
嚇,,,吓,
嚌,,,哜,
嚎,,噑嗥,,
嚏,嚔,,,
嚔,嚏,,,
嚕,,,噜,
嚙,囓齧,,啮,
嚠,瀏,,,
嚢,囊,,,
嚣,,,,囂
嚥,,咽,,
嚦,,,呖,
嚨,,,咙,
嚬,,顰,,
嚮,向,,,
嚲,,,亸,
嚳,,俈,喾,
嚴,厳,,严,
嚵,,饞,,
嚶,,,嘤,
嚹,,𡅈,,
嚻,囂,,,
囀,,,啭,
囁,,讘,嗫,
囂,嚻,,嚣,
囅,,,冁,
囈,,,呓,
囉,啰罗,,啰,
囊,嚢,,,
囌,蘇,,,
囑,,嘱,嘱,
囓,嚙,齧,,
囘,囬回,,,
四,,,,
回,囬囘,,,
囟,,䪿顖,,
团,,,,團
団,團,,,
囤,,𥫱,,
囪,,囱,囱,
囬,囘回,,,
园,,刓,,園
囮,,𡈙,,
囯,圀國,,,
困,,睏,,睏
囱,,囪,,囪
囲,圍,,,
図,圖,,,
围,,,,圍
囵,,,,圇
囹,,,,
国,,,,國
图,,,,圖
圀,國囯,,,
圅,,函凾,,
圆,,,,圓
圇,,,囵,
圈,圏,,,
國,圀囯,,国,
圍,囲,,围,
圎,圓円,,,
圏,圈,,,
園,,,园,
圓,円圎,,圆,
圕,,圖,,
圖,図,圕,图,
團,団,,团,
圝,,圞,,
圞,,圝,𪢮,
圢,,町,,
圣,,聖,,聖
圧,壓,,,
圬,,杇,,
圭,,珪,,
圹,,,,壙
场,,,,場
圻,垠,,,
址,阯,,,
坂,,,,阪
坆,,墳,,
坋,,坌,,
坌,,坋,,
坎,,埳,,
坏,,坯,,壞
坐,座,,,
坑,,阬,,
块,,,,塊
坚,,,,堅
坛,,,,罈壇
坜,,,,壢
坝,,,,壩
坞,,,,塢
坟,,墳,,墳
坠,,,,墜
坤,,堃,,
坫,店,,,
坭,,泥,,
坯,壊壞,坏,,
坰,,冋冂,,
坵,,丘,,
垂,埀,,,
垄,,,,壟
垅,,,,壠
垆,,,,壚
垒,,,,壘
垓,陔,,,
垔,,堙陻,,
垛,垜,,,
垜,垛,,,
垠,圻,,,
垦,,,,墾
垩,堊聖,,,堊
垫,,,,墊
垭,,,,埡
垱,,,,壋
垲,,,,塏
垴,,,,堖
垵,,,埯,
垻,壩,,,
埀,垂,,,
埇,,甬,,
埒,埓,,,
埓,埒,,,
埘,,,,塒
埙,,,,塤
埚,,,,堝
埜,野,,,
域,,㽣,,
埡,,,垭,
埯,,,,垵
埰,,,采,
埳,,坎,,
埶,,蓺藝秇,,
執,,执,执,
基,,,,
埼,崎,,,
埽,,掃,,
堃,,坤,,
堅,,,坚,
堆,,,,
堇,菫,,,
堈,,罁缸,,
堊,垩聖,,垩,
堑,,,,塹
堕,,,,墮
堖,,,垴,
堘,,塍,,
堙,,陻垔,,
堝,,,埚,
堤,,隄,,
堦,階,,,
堭,,隍,,
堯,尭,,尧,
報,,报,报,
場,塲,,场,
堺,畍界,,,
堿,,鹻鹼,,
塁,壘,,,
塆,壪,,,
塈,墍,,,
塊,凷,,块,
塋,,,茔,
塍,,堘,,
塏,,,垲,
塐,,塑,,
塑,,塐,,
塒,,,埘,
塔,墖,,,
塗,凃,,涂,
塚,冢,,,
塜,塳,,,
塞,,,,
塟,葬,,,
塡,填,窴,,
塢,,隝鄔隖,坞,
塤,,壎,埙,
塩,鹽,,,
填,塡,,,
塲,場,,,
塳,塜,,,
塵,,,尘,
塹,,壍,堑,
塾,,,,
墈,,磡,,
墊,,,垫,
墍,塈,,,
墖,塔,,,
増,增,,,
墙,墻牆,,,牆
墜,,,坠,
墝,,磽,,
增,増,,,
墤,,隤,,
墫,樽罇,,,
墮,,,堕,
墰,,罈壜,,
墳,,坟坆,坟,
墻,墙牆,,,
墾,,,垦,
壇,,,坛,
壈,,,𡒄,
壊,坯壞,,,
壋,,,垱,
壌,壤,,,
壍,,塹,,
壎,,塤,,
壐,,璽,,
壓,圧,,压,
壘,塁,,垒,
壙,,,圹,
壚,,,垆,
壜,,墰罈,,
壞,壊坯,,坏,
壟,,,垄,
壠,,,垅,
壢,,,坜,
壤,壌,,,
壩,垻,,坝,
壪,塆,,,
壮,,,,壯
壯,,,壮,
声,,聲,,聲
売,賣,,,
壳,,,,殼
壶,,,,壺
壷,壺,,,
壸,,,,壼
壹,,一弌,,
壺,壷,,壶,
壻,,婿,,
壼,,,壸,
壽,夀,,寿,
夀,壽,,,
处,,,,處
夅,,降,,
备,,,,備
変,,變,,
夊,攵,,,
复,復覆,,,復複覆
夐,敻,,,
外,,,,
夘,卯,,,
多,夛,,,
夛,多,,,
夜,亱,,,
够,,彀夠,,夠
夠,,彀够,够,
夢,,夣梦,梦,
夣,,夢,,
夥,,伙,,
天,,靝,,
夭,殀,,,
夯,,䂫,,
夲,本,,,
头,,,,頭
夸,,誇,,誇
夹,,,,夾
夺,,,,奪
夾,,,夹,
奁,,,,奩
奂,,,,奐
奇,竒,,,
奈,,柰,,
奋,,,,奮
奌,點,,,
奎,,㚝奞,,
奐,,,奂,
契,,,,
奔,,犇逩,,
奕,,弈,,
奖,奬,,,獎
奘,弉,,,
奞,,㚝奎,,
奥,,,,奧
奧,,,奥,
奨,奬,,,
奩,,匳,奁,
奪,,,夺,
奬,奨獎奖,,,
奮,,,奋,
女,,,,
奶,,嬭,,
奸,,,,姦
她,,他,,
奼,,,姹,
妆,,,,妝
妇,,,,婦
妈,,,,媽
妊,姙,,,
妍,姸,,,
妒,妬,,,
妙,,玅,,
妝,,粧,妆,
妤,,伃,,
妩,,,,嫵
妪,,,,嫗
妫,,,,嬀
妬,妒,,,
妳,,嬭奶你,,
姆,,姥,,
姉,姊,,,
姊,姉,,,
姍,,姗,姗,
姗,,姍,,姍
姙,妊,,,
姜,薑,,,
姢,娟,,,
姣,,㚣,,
姥,,姆,,
姦,,,奸,
姪,侄,,,
姫,姬,,,
姬,姫,,,
姸,妍,,,
姹,,,,奼
姻,婣,,,
娄,,,,婁
娅,,,,婭
娆,,,,嬈
娇,,,,嬌
娈,,,,孌
娘,,孃,,
娚,喃,,,
娛,娯,,娱,
娟,姢,,,
娠,,㛛,,
娩,,㝃,,
娬,,嫵,,
娯,娛,,,
娱,,,,娛
娲,,,,媧
娴,,,,嫻
娿,婀,,,
婀,娿,,,
婁,,,娄,
婣,姻,,,
婦,,媍,妇,
婬,,淫,,
婭,,,娅,
婳,,,,嫿
婴,,,,嬰
婵,,,,嬋
婶,,,,嬸
婾,媮,,,
婿,聟,壻,,
媆,,嫩,,
媍,,婦,,
媧,,,娲,
媪,,,,媼
媭,嬃,,,
媮,婾,,,
媯,嬀,,妫,
媰,,,㛀,
媼,,,媪,
媽,,,妈,
媿,,愧,,
嫉,,𡜱,,
嫋,裊嬝,,,
嫐,喃,,,
嫒,,,,嬡
嫔,,,,嬪
嫕,,嫛,,
嫗,,,妪,
嫛,,嫕,,
嫩,,𡞾媆,,
嫫,,嬷,,
嫰,,,,
嫱,,,,嬙
嫵,,娬,妩,
嫺,嫻,,,
嫻,嫺,,娴,
嫿,,,婳,
嬀,媯,,,
嬃,媭,,,
嬈,,,娆,
嬋,,,婵,
嬌,,撟,娇,
嬙,,,嫱,
嬝,嫋裊袅,,,
嬡,,,嫒,
嬢,娘,,,
嬤,,,嬷,
嬪,,,嫔,
嬭,,妳奶,,
嬰,,孾,婴,
嬲,,,,
嬷,,嫫,,嬤
嬸,,,婶,
嬾,懶,,,
孀,,霜,,
孃,,娘,,
孋,,,㛤,
孌,,,娈,
子,,,,
孙,,,,孫
孚,孵,,,
孛,,,,
学,,,,學
孪,,,,孿
孫,,,孙,
孭,,𧴯,,
孰,,,,
孳,孶,,,
孵,孚,,,
孶,孳,,,
學,,斈,学,
孼,孽,,,
孽,孼,,,
孾,,嬰,,
孿,,,孪,
宁,,,,寧
宂,,冗,,
它,,牠佗,,
宅,,,,
完,,煙烟,,
宍,肉,,,
宐,,宜,,
宜,冝,宐,,
宝,,寳寚寶,,寶
实,,,,實
実,實,,,
宠,,,,寵
审,,,,審
宪,,,,憲
宫,,,,宮
宮,,,宫,
宴,,讌,,
家,傢,,,
宻,密,,,
宼,,寇,,
宽,,,,寬
宾,,,,賓
宿,,㝛,,
寃,,冤,,
密,宻,,,
寇,冦,宼,,
富,冨,,,
寍,,寧,,
寓,庽,,,
寔,,實,,
寕,寜寧,,,
寗,,甯,,
寘,置,,,
寚,,寳宝,,
寛,寬,,,
寜,寕寧,,,
寝,,,,寢
察,,詧,,
寠,,窶,,
寡,,關,,
寢,,,寝,
實,実,寔,实,
寧,寕寜,寍𡨴,宁,
寨,,砦,,
審,,,审,
寫,,冩,写,
寬,寛,,宽,
寮,,,,
寳,寶,,,
寵,,𠖥,宠,
寶,寳,,宝,
寸,,,,
对,,對,,對
寻,,,,尋
导,,,,導
寿,,夀壽,,壽
尀,,叵,,
専,專,,,
尃,,旉敷,,
尅,剋,,,
将,,𤕭,,將
將,,𤕭,将,
專,専,耑,专,
尉,,,,
尋,,,寻,
對,,对,对,
導,,,导,
尒,尔爾,,,
尓,尒爾,,,
尔,尒爾,,,爾
尗,,叔,,
尘,,,,塵
尙,尚,,,
尚,尙,,,
尜,嘎,,,
尝,,,,嘗
尟,尠鮮,,,
尠,尟鮮,,,
尢,,尣,,
尣,,尢,,
尥,尦,,,
尦,尥,,,
尧,,,,堯
尨,龍竜,狵,,
尩,,㑌,,
尪,尫,,,
尫,尪,,,
尭,堯,,,
尰,,腫,,
尲,,尷,,
尴,,,,尷
尷,,尲,尴,
尸,,屍,,屍
尻,,䯌,,
尽,,,,盡儘
尿,脲,,,
层,,,,層
屃,,,,屓
居,,㞐,,
屆,,届,届,
屉,,屜,,屜
届,,屆,,屆
屍,,尸,尸,
屏,屛摒,,,
屓,屭,,屃,
屛,摒屏,,,
屜,,屉𡲕,屉,
属,,屬𡱆,,屬
屡,,,,屢
屢,,,屡,
屣,,蹝躧,,
層,,,层,
履,,,,
屦,,,,屨
屨,,,屦,
屩,蹺,,𪨗,
屬,,𡱆属,属,
屭,屓,,,
屿,,,,嶼
岀,出,,,
岁,,歲𡻕亗,,歲
岂,,,,豈
岐,歧,,,
岖,,,,嶇
岗,,,,崗
岘,,,,峴
岙,,,,嶴
岚,,,,嵐
岛,,,,島
岡,,,冈,
岨,,砠,,
岩,,巌巖,,
岫,峀,,,
岭,岺,,,嶺
岳,嶽,,,
岺,岭,,,
岽,崠,,,崬
岿,,,,巋
峀,岫,,,
峄,,,,嶧
峒,,洞,,
峡,,,,峽
峣,,,,嶢
峤,,,,嶠
峥,,,,崢
峦,,,,巒
峨,峩,,,
峩,峨,,,
峭,,陗,,
峯,峰,,,
峰,峯,,,
峴,,,岘,
島,嶋嶌,,岛,
峺,硬,,,
峽,,,峡,
崂,,,,嶗
崃,,,,崍
崄,,,,嶮
崇,崈,,,
崈,崇,,,
崋,華,,,
崍,,,崃,
崎,碕埼嵜,,,
崐,崑,,,
崑,崐,,,
崒,,崪,,
崔,,磪,,
崕,崖,,,
崖,崕,厓,,
崗,,,岗,
崘,崙,,,
崙,崘,,,
崟,嶔,,,
崠,岽,,,
崢,,,峥,
崧,,嵩,,
崪,,崒,,
崬,,,岽,
崭,,,,嶄
嵆,嵇,,,
嵇,嵆,,,
嵐,,,岚,
嵗,,歲,,
嵘,,,,嶸
嵚,,,,嶔
嵜,崎,,,
嵝,,,,嶁
嵠,,谿,,
嵩,,崧,,
嵯,嵳,,,
嵳,嵯,,,
嵼,,,𡶴,
嶁,,,嵝,
嶃,,磛,,
嶄,,巉,崭,
嶇,,㠊,岖,
嶋,島,,,
嶌,島,,,
嶎,,蔚,,
嶔,崟,,嵚,
嶗,,,崂,
嶝,,磴,,
嶠,,,峤,
嶢,,,峣,
嶧,,,峄,
嶮,,,崄,
嶴,,,岙,
嶸,,,嵘,
嶺,,,岭,
嶼,,,屿,
嶽,岳,,,
巅,,,,巔
巉,,嶄,,
巋,,,岿,
巌,岩巖,,,
巍,,魏,,
巒,,,峦,
巓,巔,,,
巔,巓,,巅,
巖,,岩,岩,
巛,,川,,
川,,巛,,
巡,廵,,,
巢,巣,,,
巣,巢,,,
巤,,鬣,,
巨,鉅钜,,,
巩,,,,鞏
巯,,,,巰
巰,,,巯,
巴,芭笆,,,
巵,卮,,,
巺,巽,,,
巻,捲卷,,,
巽,巺,,,
帀,,迊匝,,
币,,,,幣
布,,佈,,佈
帅,,,,帥
帆,,㠶,,
师,,,,師
帋,,紙,,
希,,,,
帏,,,,幃
帐,,,,帳
帒,,袋,,
帘,,,,簾
帙,,袠,,
帚,菷,箒,,
帜,,,,幟
帡,帲,,,
帥,,,帅,
带,,,,帶
帧,,,,幀
師,,,师,
帬,裙,,,
席,蓆,,,
帮,,幫幇,,幫
帯,帶,,,
帰,歸,,,
帱,,,,幬
帲,帡,,,
帳,,賬,帐,
帶,帯,,带,
帻,,,,幘
帼,,,,幗
幀,,,帧,
幂,,鼏,,冪
幃,,,帏,
幇,幫幚,,,
幕,,幙,,
幗,,,帼,
幘,,,帻,
幙,,幕,,
幚,幫幇,,,
幞,,襮,,
幟,,旘,帜,
幡,,旛,,
幢,橦,,,
幣,幤,,币,
幤,幣,,,
幫,幚幇,幇帮,帮,
幬,,,帱,
幱,襕襴,,,
干,乾,,,幹乾
年,,,,
幵,,开,,
并,幷,,,併並
幷,并,,,
幸,,倖,,
幹,,,干,
幺,,么,么,
幽,凼,,,
幾,,,几,
广,,,,廣
庁,廰廳厛,,,
広,廣,,,
庄,,莊,,莊
庅,麽麼,,,
庆,,,,慶
床,牀,,,
庐,,,,廬
庑,,,,廡
库,,,,庫
应,,,,應
店,坫,,,
庙,,廟,,廟
庞,,,,龐
废,,,,廢
度,,,,
座,坐,,,
庫,,,库,
庬,,厖,,
庵,,菴,,
庶,庻,,,
庸,,𠆌㐯,,
庻,庶,,,
庼,廎,,,
庽,寓,,,
庾,,斞,,
庿,廟,,,
廀,,廋,,
廁,厠厕,,厕,
廂,,,厢,
廃,廢,,,
廄,廐廏,,厩,
廈,,厦,厦,
廉,亷,,,
廊,,,,
廋,,廀,,
廌,,豸,,
廎,庼,,,
廏,廄,,,
廐,廄,厩,,
廑,,厪,,
廓,,,,
廕,,蔭,,
廚,,厨,厨,
廝,,㒋厮,厮,
廟,庿,庙,庙,
廠,厰,,厂,
廡,,,庑,
廢,廃,,废,
廣,広,,广,
廧,,墻牆,,
廩,廪稟,,廪,
廪,廩稟,,,廩
廬,,,庐,
廰,庁廳厛,,,
廱,,雝,,
廳,庁廰厛,,厅,
廵,巡,,,
廸,,迪,,
廹,,迫,,
廻,廽,迴回,,
廼,,乃迺,,
廽,廻,,,
廾,卄廿,,,
廿,卄廾,,,
开,,幵,,開
弁,辨辧,,,
异,,,,異
弃,,,,棄
弄,,,,
弈,,奕,,
弉,奘,,,
弊,,𡚁,,
弌,,壹一,,
弍,,貳二,,
弑,,,,弒
弒,,,弑,
弔,,吊,,
张,,,,張
弢,,韜,,
弥,,,,彌
弦,,絃,,
弪,,,,弳
弯,,,,彎
弳,,,弪,
張,,,张,
強,,彊强,强,
弹,,,,彈
强,彊強,,,強
弾,彈,,,
彀,,夠够,,
彂,发発發,,,
彈,弾,,弹,
彊,强強,,,
彌,瀰,,弥,
彎,,,弯,
彐,,彑,,
彑,,彐,,
归,,,,歸
当,當,,,噹當
录,録錄,,,錄
彗,篲,,,
彙,彚汇,,汇,
彚,彙,,,
彛,彝彜,,,
彜,彛彝,,,
彝,彛彜,,,彞
彞,,,彝,
彟,彠,,,
彠,彟,,,
彥,,,彦,
彦,,,,彥
彨,彲,,,彲
彫,,雕㓮,,
彬,份,斌,,
彲,彨,,彨,
彷,仿,髣徬,,
彸,,伀,,
彻,,,,徹
彿,髴,,,
往,徃,,,
征,,,,徵
徃,往,,,
径,,,,徑
律,,,,
後,,,后,
徑,迳逕,俓,径,
徒,,𨑒,,
従,從,,,
徕,,,,徠
從,従,从,从,
徠,來,勑倈,徕,
御,,馭,,禦
徤,,健,,
徧,,遍,,
徨,遑,,,
復,复複覆,,复,
徬,,彷,,
徭,,傜,,
徳,惪德,,,
徴,徵,,,
徵,徴,,征,
德,徳惪悳,悳惪,,
徹,,澈,彻,
徺,僥,,,
心,,㣺忄,,
忄,,心,,
忆,,,,憶
忈,仁,,,
忍,,㣼,,
忏,,,,懺
志,誌,,志,誌志
応,應,,,
忞,暋,,,
忤,,迕啎,,
忧,,,,憂
忭,,昪,,
忰,悴,,,
念,,,,
忻,,欣,,
忼,,慷,,
忾,,,,愾
怀,,懷,,懷
态,,,,態
怂,,,,慫
怃,,,,憮
怄,,,,慪
怅,,,,悵
怆,,,,愴
怌,,懷,,
怒,,,,
怜,,,,憐
怪,,恠,,
怱,,悤匆,,
怳,,恍,,
总,,,,總
怼,,,,懟
怿,,,,懌
恂,悛,,,
恆,,恒,恒,
恊,協,勰,,
恋,,戀,,戀
恍,,怳,,
恐,,𢙢,,
恒,,恆,,恆
恠,,怪,,
恡,,悋吝,,
恤,,賉卹,,
恥,,耻,耻,
恩,,摁,,
恳,,,,懇
恵,惠,,,
恶,噁,,,惡
恸,,,,慟
恹,,,,懨
恺,,,,愷
恻,,,,惻
恼,,,,惱
恽,,,,惲
恿,,慂,,
悁,,懁,,
悅,,悦,悦,
悊,,哲,,
悋,恡吝,,,
悐,,惕,,
悚,,𢥠,,
悛,恂,,,
悞,,誤,悮,
悠,,滺,,
悤,匆,,,
悦,,悅,,悅
悪,惡,,,
悫,愨慤,,,愨
悬,,,,懸
悭,,,,慳
悮,,,,悞
悯,,,,憫
悳,德,,,
悴,忰,,,
悵,,,怅,
悶,,㥃懣,闷,
悽,淒凄,,,
惇,,敦,,
惊,,,,驚
惕,,悐,,
惛,,惽,,
惝,,𢠵,,
惠,恵,,,
惡,悪,,恶,
惧,,懼,,懼
惨,,,,慘
惩,,懲,,懲
惪,徳德,,,
惫,,,,憊
惬,,,,愜
惭,,,,慚
惮,,,,憚
惯,,,,慣
惱,,,恼,
惲,,,恽,
惷,蠢,,,
惺,,𢜫,,
惻,,,恻,
惽,,惛,,
愈,癒,愉,,
愉,,愈,,
愍,,憫,,
愛,,,爱,
愜,,,惬,
愠,,慍,,慍
愤,,,,憤
愦,,,,憒
愧,,媿,,
愨,悫慤,,悫,
愬,,訴,,
愴,,,怆,
愷,,,恺,
愻,,遜,,
愼,眘昚慎,,,
愽,,博,,
愾,,,忾,
愿,,願,,願
慁,,㥵,,
慂,,恿,,
慄,,,栗,
慈,,㤵,,
態,,,态,
慍,,愠,愠,
慎,愼,,,
慑,,,,懾
慘,,,惨,
慙,慚,,,
慚,慙,,惭,
慞,,傽,,
慟,憅,,恸,
慣,,,惯,
慤,愨悫,,,
慪,,,怄,
慫,,,怂,
慭,憖,,,
慮,,,虑,
慳,,,悭,
慶,,,庆,
慷,,忼,,
慼,慽,戚,,
慽,慼,戚,,
慾,,欲,,
憂,,,忧,
憅,慟,,,
憇,憩,,,
憊,,,惫,
憋,,𢠳,,
憐,,,怜,
憑,凴𠗦,,凭,
憒,,,愦,
憔,,顦,,
憖,慭,,,
憙,,喜,,
憚,,,惮,
憝,,譈懟,,
憤,,,愤,
憩,憇,,,
憫,,愍,悯,
憮,,,怃,
憯,,㦧,,
憰,,譎,,
憲,,,宪,
憶,,,忆,
懀,,,𢙓,
懁,,悁,,
懃,勤,,,
懇,,,恳,
應,応,,应,
懌,,,怿,
懍,,,懔,
懐,懷,,,
懑,,,,懣
懒,,,,懶
懔,,凛,,懍
懜,,懵,,
懞,蒙苎矇朦,,,
懟,,譈憝,怼,
懣,,㥃悶,懑,
懥,,懫,,
懨,,,恹,
懫,,懥,,
懮,,,,
懲,,惩,惩,
懴,懺,,,
懵,,懜,,
懶,嬾,,懒,
懷,懐,怀怌,怀,
懸,,,悬,
懺,懴,,忏,
懼,,惧,惧,
懽,歡歓,,,
懾,,,慑,
戀,,恋,恋,
戆,,,,戇
戇,,,戆,
戉,,鉞,,
戋,,,,戔
戏,,,,戲
戔,,,戋,
戗,,,,戧
战,,,,戰
戛,戞,,,
戝,賊,,,
戞,戛,,,
戦,戰,,,
戧,,創,戗,
戩,,,戬,
戬,,,,戩
戮,,,,
戯,戱戲,,,戱
戰,戦,,战,
戱,戲戯,,,
戲,戱戯,,戏,
戶,戸,,户,
户,戸,,,戶
戸,戶,,,
戹,,厄,,
戻,戾,,,
戼,卯,,,
戾,戻,,,
扁,碥,,,
扅,,扊,,
扇,煽搧,,,
扊,,扅,,
手,,扌,,
扌,,手,,
才,,,,
扎,,紥紮,,
扐,朸,,,
扑,,撲,,撲
払,拂,,,
托,,拓,,
扛,摃,,,
扞,捍,,,
扠,搋,,,
执,,執,,執
扩,,,,擴
扪,,,,捫
扫,,,,掃
扬,,,,揚
扯,撦,,,
扰,,,,擾
扱,插,,,
扳,,攀,,
扵,於,,,
扺,抵,,,
扼,,搤㧖,,
抃,拚,,,
抉,刔,,,
抌,,舀,,
抍,,拯,,
抔,抱,,,
折,,,,
抚,,,,撫
抛,,,,拋
抜,拔,,,
抝,,拗,,
択,擇,,,
抟,,,,摶
抠,,,,摳
抡,,,,掄
抢,,,,搶
护,,,,護
报,,報,,報
披,,,,
抬,,擡,,
抱,抔,,,
抵,扺,,,
抻,伸,,,
抽,,𢭆,,
抿,,㨉,,
拂,払,,,
拃,,,,
担,,擔,,擔
拆,,,,
拇,,𧿹,,
拈,,,,
拉,柆,,,
拊,撫,,,
拋,,,抛,
拏,,挐拿,,
拐,,枴,,
拓,摭,托,,
拔,抜,,,
拕,,拖,,
拖,,拕,,
拗,,抝,,
拚,抃,,,
拜,拝,,,
拝,拜,,,
拟,,,,擬
拠,據,,,
拡,擴,,,
拢,,,,攏
拣,,,,揀
拥,,,,擁
拦,,,,攔
拧,,,,擰
拨,,,,撥
择,,,,擇
拭,,𢂑,,
拯,,抍,,
拴,揎,,,
拼,,摒,,
拽,,,,
拾,,,,
拿,,挐拏,,
挂,,掛,,掛
挅,挆,,,
挆,挅,,,
按,,,,
挐,,拿拏,,
挙,舉擧,,,
挚,,,,摯
挛,,,,攣
挜,,,,掗
挝,,,,撾
挞,,,,撻
挟,,,,挾
挠,,,,撓
挡,,,,擋
挢,,,,撟
挣,,,,掙
挤,,,,擠
挥,,,,揮
挦,,,,撏
挩,,,捝,
挫,,繲,,
挭,,鯁骾,,
挱,,挲,,
挲,,挱,,
挷,,搒,,
挼,,捼,,
挽,,,,輓
挾,,,挟,
捆,,綑,,
捉,,,,
捌,,八,,
捍,,扞,,
捏,,揑,,
捓,,揶,,
捜,搜,,,
捝,,,,挩
捞,,,,撈
损,,,,損
捡,,,,撿
换,,,,換
捣,,,,搗
捦,,擒,,
捨,,,舍,
捫,,,扪,
捬,,撫,,
据,,,,據
捲,巻卷,,,
捴,搃縂總総,,,
捵,,䥀,,
捶,搥,箠,,
捻,,,,
捼,,挼,,
掂,,敁,,
掃,,埽,扫,
掄,,,抡,
掆,,,㧏,
掇,,,,
掉,,,,
掏,,搯,,
掐,,𠜼,,
掗,,,挜,
掘,撅,,,
掙,,,挣,
掛,,挂,挂,
掠,,,,
採,,,采,
掩,,揜,,
掬,,匊,,
掲,揭,,,
掳,,,,擄
掴,,,,摑
掷,,,,擲
掸,,,,撣
掺,,,,摻
掻,搔,,,
掼,,,,摜
掽,,碰,,
揀,,,拣,
揅,,研,,
揎,拴,,,
揑,,捏,,
插,扱揷,,,
揚,,,扬,
換,,,换,
揜,,掩,,
揝,,撍,,
揞,,,,
揦,,攋,,
揪,,揫,,
揫,,揪,,
揭,掲,,,
揮,,,挥,
揯,搄,,,
揶,,捓,,
揷,插,,,
揸,,摣楂,,
揺,搖,,,
揽,,,,攬
揾,,,,搵
揿,,,,撳
搀,,,,攙
搁,,,,擱
搂,,,,摟
搃,縂總捴総,摠總,,
搄,揯,,,
搅,,,,攪
搆,構,,,
搇,,撳,,
搉,,㩁,,
搋,弌,,,
損,,,损,
搒,,挷,,
搔,掻,,,
搖,揺,摇,摇,
搗,擣,,捣,
搜,捜,𢯱𢲷,,
搞,,攪,,
搤,,扼㧖,,
搥,捶,,,
搧,煽扇,,,
搨,搭,,,
搪,,傏,,
搫,,搬,,
搬,,搫,,
搭,搨,撘,,
搯,,掏,,
搵,,,揾,
搶,,,抢,
携,,攜,,攜
摁,,恩,,
摂,攝,,,
摃,扛,,,
摄,,,,攝
摅,,,,攄
摆,,,,擺
摇,,搖,,搖
摈,,,,擯
摊,,,,攤
摋,,,𢫬,
摑,,,掴,
摒,屛屏,拼,,
摔,,,,
摜,,,掼,
摟,,,搂,
摠,,搃總𢰾,,
摡,,溉,,
摣,,揸,,
摭,拓,,,
摮,,𢳆,,
摯,,,挚,
摳,,,抠,
摴,,,,
摶,,,抟,
摻,,,掺,
撂,,㨼,,
撃,擊,,,
撄,,,,攖
撅,掘,,,
撆,,撇,,
撇,,撆,,
撈,,,捞,
撍,,揝,,
撏,,,挦,
撐,,撑,撑,
撑,,撐,,撐
撓,,,挠,
撘,,搭,,
撚,,,,
撝,,,㧑,
撟,,嬌,挢,
撢,,,,
撣,,,掸,
撥,,,拨,
撦,扯,,,
撫,拊,,抚,
撲,,扑,扑,
撳,,搇,揿,
撵,,,,攆
撷,,,,擷
撸,,,,擼
撹,攪,,,
撺,,,,攛
撻,,,挞,
撾,,,挝,
撿,,,捡,
擀,,,,
擁,,,拥,
擃,,攮,,
擄,,虜,掳,
擇,択,,择,
擊,撃,,击,
擋,,攩,挡,
擒,,捦,,
擓,,,㧟,
擔,,担,担,
擗,,劈,,
據,拠,,据,
擞,,,,擻
擠,,,挤,
擡,,抬,,
擣,搗,,𢭏,
擥,,㩜攬,,
擧,舉挙,,,
擬,儗,,拟,
擯,,,摈,
擰,,,拧,
擱,,,搁,
擲,,擿,掷,
擴,拡,,扩,
擷,,,撷,
擸,,㧜,,
擺,,,摆,
擻,,,擞,
擼,,,撸,
擽,,,㧰,
擾,,,扰,
擿,,擲,,
攀,,扳㐴,,
攄,,,摅,
攅,攢,,,
攆,,,撵,
攋,,揦,,
攏,,,拢,
攒,,,,攢
攔,,,拦,
攖,,,撄,
攙,,,搀,
攛,,,撺,
攜,,携,携,
攝,摂,,摄,
攢,攅,,攒,
攣,,,挛,
攤,,,摊,
攩,,擋,,
攪,撹,搞,搅,
攬,,擥㩜,揽,
攮,,擃,,
攴,,攵,,
攵,,攴,,
收,㧃収,,,
攷,,考,,
敁,,掂,,
敃,,暋,,
效,効,俲,,
敉,,侎,,
敌,,,,敵
敍,叙敘,,,
敎,教,,,
敏,,勄,,
敓,敚,,,
敕,,勑勅,,
敗,,䢙,败,
敘,叙敍,,,
教,敎,,,
敚,敓,,,
敛,,,,斂
敠,敪,,,
敦,,惇,,
敩,斅斆,,,斆
敪,敠,,,
数,,,,數
敵,,,敌,
敷,,旉尃,,
數,,,数,
敺,,驅,,
敻,夐,,,
敽,敿,,,
敿,敽,,,
斁,,𤢕,,
斂,歛,,敛,
斃,,,毙,
斅,敩斆,,𢽾,
斆,敩斅,,敩,
文,,,,
斈,,學,,
斉,齊亝,,,
斋,,齋,,齋
斌,,彬,,
斍,覺覚,,,
斎,齋,,,
斓,,,,斕
斕,,,斓,
斗,,,,鬥
斚,,斝,,
斝,,斚,,
斞,,㔱庾,,
斤,,,,
斥,,㡿,,
斩,,,,斬
斬,,,斩,
断,,斷,,斷
斲,,㓸斵,,
斵,,斲,,
斷,,断,断,
於,,扵亏于,于,
斾,,旆,,
旁,,,,
旂,,旗,,
旅,,,,
旆,,斾,,
旈,,旒,,
旉,,尃敷,,
旒,,旈,,
旗,,旂,,
旘,,幟,,
旛,,幡,,
无,,無,,無
既,旣,,,
旣,既,,,
旦,蛋,,,
旧,,舊,,舊
旪,,協,,
旭,旯旮,,,
旮,旭,,,
旯,旭,,,
时,,旹時,,時
旷,,,,曠
旸,,,,暘
旹,,時时,,
昂,,昻,,
昇,升,,,
明,,朙,,
昏,,昬,,
昒,,㫚,,
易,,,,
昙,,,,曇
昚,愼,,,
昜,陽,,,
昝,,偺喒,,
映,,暎,,
春,萅,,,
昪,,忭,,
昬,,昏,,
是,昰,,,
昰,是,,,
昵,,暱,,
昶,暢,,,
昷,,𥁕,,
昻,,昂,,
昼,,,,晝
昽,,,,曨
显,,,,顯
昿,曠,,,
晁,,朝,,
時,,旹时,时,
晃,晄,,,
晄,晃,,,
晅,,烜,,
晉,,晋,晋,
晋,,晉,,晉
晒,,曬,,曬
晓,,,,曉
晔,,,,曄
晕,,,,暈
晖,,,,暉
晚,晩,,,
晝,,,昼,
晢,晰,,,
晩,晚,,,
晰,晢,晳,,
晳,,晰,,
晴,,,,
晻,暗,,,
暁,曉,,,
暂,,,,暫
暈,,,晕,
暉,,,晖,
暋,忞,敃,,
暎,,映,,
暖,煖,,,
暗,晻闇,,,
暘,,,旸,
暠,,皜𣉞,,
暢,昶,,畅,
暦,曆,,,
暧,,,,曖
暨,曁,,,
暫,,,暂,
暱,,昵,,
暴,,虣,,
暸,瞭了,,,
曁,暨,,,
曄,曅,,晔,
曅,曄,,,
曆,暦,厤歷歴,历,
曇,,,昙,
曉,暁,,晓,
曏,,,向,
曖,,瞹,暧,
曜,,耀燿,,
曠,昿,,旷,
曡,疉畳疊,,,
曥,,,𣆐,
曨,,,昽,
曬,,晒,晒,
曳,曵,,,
更,,㪅,,
曵,曳,,,
書,,,书,
曹,曺,,,
曺,曹,,,
曼,,㬅,,
曽,曾,,,
曾,曽,,,
朁,,㬱,,
朂,勗,,,
會,,会,会,
朌,頒,,,
朐,胊,鴝鸜,,
朖,朗,,,
朗,朖,,,
朘,脧,,,
朙,,明,,
望,朢,,,
朝,,晁,,
朞,期,稘,,
期,朞,,,
朢,望,,,
朥,,,𦛨,
朦,蒙懞矇苎,,,
朧,,,胧,
朩,等,,,
本,夲,,,
札,剳箚,,,
术,,,,術
朳,,杷,,
朴,,樸,,樸
朵,朶,,,
朶,朵,,,
朸,扐,,,
机,,機,,機
朿,,莿,,
杀,,,,殺
杂,,,,雜
权,,,,權
杆,,,,桿
杇,,圬,,
李,,,,
村,,邨,,
杓,,,,
杝,,柂,,
杠,,槓,,
条,,條,,條
来,,來,,來
杧,,芒,,
杨,,,,楊
杩,,,,榪
杯,,盃,,
杰,,傑,,傑
東,,东,东,
杴,,,锨,
杷,,朳,,
杸,,殳,,
松,枩枀,,,鬆
板,,版,,闆
枀,松,,,
极,極,,极,极極
构,,,,構
枏,,楠,,
林,,,,
果,,菓,,
枞,,,,樅
枢,,,,樞
枣,,,,棗
枥,,,,櫪
枧,,,,梘
枨,,,,棖
枩,松,,,
枪,,,,槍
枫,,,,楓
枬,,楠,,
枭,,,,梟
枱,,儓檯,,
枴,,拐,,
架,,榢,,
枾,柿,柹,,
柁,,舵,,
柂,,杝,,
柄,,棅,,
柆,拉,,,
柏,栢,,,
某,,厶,,
柒,漆,七,,
柚,,櫾,,
柜,,櫃,,櫃
柠,,,,檸
查,,査,,
柩,柾,,,
柰,,奈,,
柳,,檉,,
柴,茈,,,
柵,,,栅,
柹,,枾,,
査,,查,,
柽,,,,檉
柾,柩,,,
柿,枾,,,
栀,,,,梔
栄,榮,,,
栅,,,,柵
标,,檁,,標
栈,,,,棧
栉,,,,櫛
栊,,,,櫳
栋,,,,棟
栌,,,,櫨
栎,,,,櫟
栏,,,,欄
树,,,,樹
栒,,簨,,
栖,,棲,,棲
栗,,,,慄
栛,,荔,,
栝,檜,,,
栢,,柏,,
栰,,筏,,
样,,,,樣
核,,覈,,
栾,,,,欒
桁,航,,,
桌,,,,
桑,桒,,,
桒,桑,,,
桜,櫻,,,
桟,棧,,,
桠,,,,椏
桡,,,,橈
桢,,,,楨
档,,,,檔
桤,,,,榿
桥,,,,橋
桦,,,,樺
桧,,,,檜
桨,,,,槳
桩,,,,樁
桪,樳,,,
桮,杯,,,
桼,,㯃漆,,
桿,,,杆,
梁,,樑,,
梅,楳,,,
梔,,,栀,
梘,,,枧,
條,,条糶,条,
梟,,鴞,枭,
梦,,夢,,夢
梨,,棃,,
梲,,棳,棁,
梹,檳,,,
梺,麓,,,
梼,,,,檮
梾,,,,棶
梿,,,,槤
检,,,,檢
棁,,,,梲
棂,,,,欞
棃,,梨,,
棄,,,弃,
棅,,柄,,
棊,棋,碁,,
棋,棊,碁,,
棐,,榧,,
棑,,篺,,
棕,椶㯶,,,
棖,,,枨,
棗,,,枣,
棟,,,栋,
棡,,,㭎,
棥,,樊,,
棧,桟,,栈,
棰,,槌,,
棱,,稜楞,,
棲,,栖,栖,
棳,,梲,,
棶,,,梾,
棹,櫂,,,
椀,,盌碗,,
椁,,槨,,
椎,,槌,,
椏,,,桠,
椒,茭,,,
椘,楚,,,
検,檢,,,
椝,槼,,,
椟,,,,櫝
椠,,,,槧
椢,,,,槶
椤,,,,欏
椫,樿,,,樿
椭,,,,橢
椰,,㭨,,
椲,,,㭏,
椶,棕,,,
椹,,葚,,
楂,查,揸槎,,
楊,,,杨,
楓,,,枫,
楕,橢,,,
楙,茂,,,
楚,椘,,,
楜,,,,
楞,,棱稜,,
楠,枏,,,
楡,榆,,,
楥,,楦,,
楦,,楥,,
楨,,,桢,
楫,,檝艥,,
業,,,业,
楳,梅,,,
極,极,,极,
楼,,,,樓
楽,樂,,,
概,槪,槩,,
榄,,,,欖
榅,,,,榲
榆,楡,,,
榇,,,,櫬
榈,,,,櫚
榉,,,,櫸
榎,,檟,,
榘,矩,,,
榛,,亲,,
榢,,架,,
榦,乾,,,
榧,,棐,,
榨,,醡,,
榪,,,杩,
榮,栄,荣,荣,
榲,,,榅,
榴,,橊,,
榿,,,桤,
槀,,稿,,
槅,,,,
槇,槙,,,
槊,,鎙,,
構,搆,,构,
槌,,棰椎,,
槍,,,枪,
槎,,楂,,
槓,,杠篢,,
槖,,橐,,
様,樣,,,
槙,槇,,,
槚,,,,檟
槛,,,,檻
槜,檇,,,
槟,,,,檳
槠,,,,櫧
槤,,,梿,
槧,,,椠,
槨,,椁,椁,
槩,,㮣概,,
槪,概,㮣,,
槳,,,桨,
槶,,,椢,
槹,,𣓌,,
槻,規,,,
槼,椝,,,
樁,,,桩,
樂,楽,,乐,
樅,,,枞,
樊,,棥,,
樐,櫓,艪㯭,,
樑,,梁,,
樓,,,楼,
標,,,标,
樚,,轆,,
樞,,,枢,
樢,,,㭤,
樣,様,,样,
権,權,,,
横,,,,橫
樫,,,㭴,
樯,,,,檣
樱,,,,櫻
樳,桪,,,
樷,,叢,,
樸,,朴,朴,
樹,,,树,
樺,,,桦,
樻,,櫃,,
樽,墫罇,,,
樿,椫,,椫,
橆,,無,,
橇,鞒,鞽,,
橈,,,桡,
橊,,榴,,
橋,,,桥,
橐,,槖,,
橓,,蕣,,
橛,,橜,,
橜,,橛,,
機,,机,机,
橢,楕,,椭,
橥,,,,櫫
橦,幢,,,
橫,,,横,
橱,,,,櫥
橹,,,,櫓
橼,,,,櫞
檁,,标,檩,
檇,槜,,,
檉,,柳,柽,
檐,,簷,,
檔,,欓,档,
檘,蘗蘖,,,
檛,,簻,,
檜,栝,,桧,
檝,,楫艥,,
檟,,榎,槚,
檠,,𢐧,,
檢,検,,检,
檣,,艢,樯,
檩,,,,檁
檭,,,𣘴,
檮,,,梼,
檯,,枱儓,台,
檳,梹㯽,,槟,
檴,,穫,,
檸,,,柠,
檻,,,槛,
檼,櫽,,,
檾,,䔛,,
櫂,棹,,,
櫃,,鐀樻饋柜,柜,
櫈,,凳,,
櫉,櫥,,,
櫌,,耰,,
櫓,艣艫艪舮樐舻,樐艪㯭,橹,
櫚,,,榈,
櫛,,,栉,
櫝,,匵,椟,
櫞,,,橼,
櫟,,,栎,
櫥,櫉,,橱,
櫧,,,槠,
櫨,,,栌,
櫪,,,枥,
櫫,,,橥,
櫬,,,榇,
櫱,,蘖,蘖,
櫳,,㰍,栊,
櫸,,,榉,
櫺,,欞,,
櫻,桜,,樱,
櫽,檼,,,
櫾,,柚,,
欄,,,栏,
權,権,,权,
欍,,,𣐤,
欏,,,椤,
欒,灤,,栾,
欓,,檔,𣗋,
欖,,,榄,
欝,鬱鬰,,,
欞,,櫺,棂,
欠,,,,
欢,,,,歡
欣,,忻,,
欤,,,,歟
欧,,,,歐
欬,,咳,,
欲,,慾,,
欵,,款,,
欶,,𠲿,,
欸,,唉,,
欹,,猗,,
欼,,歠啜,,
欽,,,钦,
款,,欵,,
歉,,,,
歌,,謌,,
歎,,嘆,,
歐,,,欧,
歓,歡懽,,,
歕,,呠噴,,
歗,,嘯,,
歛,斂,,,
歟,,,欤,
歠,,啜欼,,
歡,歓懽,,欢,
止,,,,
步,歩,,,
歧,岐,,,
歩,步,,,
歯,齒,,,
歱,,踵,,
歲,歳亗,,岁,
歳,歲,,,
歴,歷,,,
歷,歴,,历,
歸,帰,皈,归,
歹,,歺,,
歺,,歹,,
歼,,,,殲
歿,,殁,殁,
殀,夭,,,
殁,,歿,,歿
殃,,䄃,,
殇,,,,殤
殉,,侚狥,,
残,,,,殘
殍,,,,
殒,隕殞,,,殞
殓,,,,殮
殘,,,残,
殚,,,,殫
殞,殒隕,,殒,
殡,,,,殯
殤,,,殇,
殨,,,㱮,
殫,,,殚,
殮,,,殓,
殯,,,殡,
殰,,𦢌,㱩,
殱,殲,,,
殲,殱,,歼,
殳,,杸,,
殴,,,,毆
殺,,,杀,
殻,殼㱿,,,
殼,殻㱿,,壳,
殽,,淆,,
毀,,,毁,
毁,,,,毀
毂,,,,轂
毆,,,殴,
毎,每,,,
每,毎,,,
毓,,,,
毕,,,,畢
毗,,毘,,
毘,,毗,,
毙,,,,斃
毡,,氈,,氈
毧,,㲓,,
毬,,球,,
毵,,,,毿
毿,,,毵,
氂,犛髦牦,,牦,
氅,,鷩,,
氇,,,,氌
氈,,毡氊,毡,
氊,,氈,,
氌,,,氇,
氓,,甿,,
气,,,,氣
気,氣,,,
氜,,阳陽,,
氢,,,,氫
氣,気,炁,气,
氤,,絪,,
氩,,,,氬
氫,,,氢,
氬,,,氩,
氯,,綠,,
氲,,,,氳
氳,,,氲,
水,,氵,,
氵,,水,,
氷,冰冫,,,
氼,,溺,,
氽,,,,
氾,,泛,,
汇,,,,彙匯
汉,,,,漢
汎,,泛,,
汙,污汚,洿,,
汚,汙污,洿,,
污,汙汚,洿,,
汤,,,,湯
汨,,,,
汩,,,,
汫,,,,
汹,,,,洶
決,,决,决,
沅,,,,
沈,,沉,,瀋
沉,,沈,,
沍,冱,,,
沒,没,,没,
沖,,,冲,
沟,,,,溝
没,沒,,,沒
沢,澤,,,
沣,,,,灃
沤,,,,漚
沥,,,,瀝
沦,,,,淪
沧,,,,滄
沨,渢,,,渢
沩,,,,溈
沪,,冱,,滬
沱,,沲,,
沲,,沱,,
沵,濔,,,
沸,,㵒,,
況,湟,况,况,
泄,,洩渫,,
泉,,洤,,
泊,泺濼,,,
泖,茅,,,
泙,洴,,,
泛,,汎氾,,
泝,溯,遡,,
泞,,,,濘
泡,,,,
泥,,坭,,
注,,,,註
泪,,淚,,淚
泶,,,,澩
泷,,,,瀧
泸,,,,瀘
泺,泊,,,濼
泻,,,,瀉
泼,,,,潑
泽,,,,澤
泾,,,,涇
洁,,,,潔
洌,冽,,,
洒,,灑,,灑
洚,洪,,,
洛,,,,
洞,,峒,,
洟,涕,,,
洤,,泉,,
洩,,渫泄,,
洪,洚,,,
洴,泙,,,
洶,,,汹,
洼,,,,窪
洿,,汙汚,,
流,,,,
浃,,,,浹
浄,淨净凈,,,
浅,,,,淺
浆,,,,漿
浇,,,,澆
浈,,,,湞
浉,溮,,,
浊,,,,濁
测,,,,測
浍,,,,澮
济,,,,濟
浏,,,,瀏
浐,,,,滻
浑,,,,渾
浒,,,,滸
浓,,,,濃
浔,,,,潯
浕,濜,,,濜
浚,,濬,,
浜,濱,,,
浣,,澣,,
浩,澔,,,
浪,,,,
浹,,,浃,
浼,,潣凂,,
涂,,,,塗
涇,,,泾,
涉,渉,,,
涌,湧,,,
涎,,㳄,,
涕,洟,䶏,,
涖,,莅蒞,,
涗,涚,,,
涙,淚,,,
涚,涗,,,
涛,,,,濤
涜,瀆,,,
涝,,,,澇
涞,,,,淶
涟,,,,漣
涠,,,,潿
涡,,,,渦
涢,溳,,,溳
涣,,,,渙
涤,,,,滌
润,,,,潤
涧,,,,澗
涨,,,,漲
涩,,,,澀
涶,,唾,,
涸,凅,,,
涼,,凉鿌,凉,
淀,,,,澱
淆,,殽,,
淋,,,,
淒,,凄,凄,
淚,涙,泪,泪,
淜,,漰,,
淡,,澹,,
淥,,,渌,
淨,,,净,
淪,,,沦,
淫,,婬,,
淳,,湻,,
淵,渕,,渊,
淶,,,涞,
淸,清,,,
淹,,渰,,
淺,,,浅,
清,淸,,,
渇,渴,,,
済,濟,,,
渉,涉,,,
渊,,,,淵
渋,澁澀,,,
渌,,,,淥
渍,,,,漬
渎,,,,瀆
渐,,,,漸
渑,,,,澠
渓,溪,,,
渔,,,,漁
渕,淵,,,
渗,,,,滲
渙,,,涣,
渚,,陼,,
減,,减,减,
渢,沨,,沨,
渦,,,涡,
渨,,隈,,
温,,溫,,溫
渫,,洩泄,,
測,,,测,
渰,,淹,,
渴,渇,,,
游,,逰遊,,
渹,,𢕐訇𥔀,,
渾,,,浑,
湊,,凑,凑,
湏,,須,,
湑,,,,
湞,,,浈,
湟,況,,,
湧,涌,,,
湯,,,汤,
湻,,淳,,
湾,,,,灣
湿,濕溼,,,濕
満,滿,,,
溁,濚,,,
溃,,,,潰
溅,,,,濺
溆,,,,漵
溇,漊,,,漊
溈,潙,,沩,
溉,漑,摡,,
溌,潑,,,
源,厵,,,
準,凖,,准,
溜,澑,,,
溝,,,沟,
溪,渓,,,
溫,,温,温,
溮,浉,,,
溯,遡泝,,,
溳,涢,,涢,
溺,尿,氼,,
溻,,褟,,
溼,濕,,湿,
溽,,縟,,
滄,,,沧,
滅,,烕,灭,
滌,,,涤,
滎,,,荥,
滑,磆,,,
滗,,,,潷
滙,,匯,,
滚,,,,滾
滞,,,,滯
滟,灩灔灎,,,灧
滠,,,,灄
满,,,,滿
滢,,,,瀅
滤,,,,濾
滥,,,,濫
滦,,,,灤
滨,,,,濱
滩,,,,灘
滪,,,,澦
滬,,,沪,
滯,,,滞,
滲,,,渗,
滸,,,浒,
滺,,悠,,
滻,,,浐,
滾,,,滚,
滿,満,,满,
漁,,䱷,渔,
漆,柒,㯃桼,,
漇,,𢳜,,
漊,溇,,溇,
漎,,潨,,
漏,,,,
漑,溉,,,
漓,,,,灕
漚,,,沤,
漢,,,汉,
漣,,,涟,
漤,,,,灠
漫,,澷,,
漬,,,渍,
漰,,淜,,
漱,潄,,,
漲,,,涨,
漵,,,溆,
漸,,,渐,
漾,,瀁,,
漿,,𤕯,浆,
潀,潨,,,
潁,,,颍,
潄,漱,,,
潅,灌,,,
潆,,,,瀠
潇,,,,瀟
潋,,,,瀲
潍,,,,濰
潑,溌,,泼,
潔,,,洁,
潙,溈,,,
潛,濳,潜,潜,
潜,,潛,,潛
潝,,㴔,,
潟,澙,,,
潣,,浼,,
潤,,,润,
潦,,,,
潨,潀,漎,,
潬,,灘,,
潯,,,浔,
潰,,,溃,
潴,,,,瀦
潷,,,滗,
潸,𣽽,,,
潿,,,涠,
澀,澁渋瀒濇,,涩,
澁,澀渋,,,
澂,澄,,,
澄,澂,,,
澅,,,𣶩,
澆,,,浇,
澇,,,涝,
澈,,徹,,
澑,溜,,,
澔,浩,,,
澗,,磵,涧,
澙,潟,,,
澛,瀂,,,瀂
澜,,,,瀾
澠,,,渑,
澣,,浣,,
澤,沢,,泽,
澦,,,滪,
澩,,,泶,
澮,,,浍,
澱,,,淀,
澳,,𥜌襖,,
澷,,漫,,
澹,,淡,,
澾,,,㳠,
濁,,,浊,
濃,,,浓,
濄,,,㳡,
濆,,,𣸣,
濇,澀,澁澀瀒,,
濑,,,,瀨
濒,,,,瀕
濔,沵,,,
濕,溼,,湿,
濘,,,泞,
濚,溁,,,
濛,,靀霥,,
濜,浕,,浕,
濟,済,,济,
濤,,,涛,
濧,,,㳔,
濫,,,滥,
濬,,浚,,
濰,,,潍,
濱,浜,瀕濵,滨,
濳,潛,,,
濵,,濱瀕,,
濶,闊,,,
濺,,,溅,
濼,泊,,泺,
濾,,,滤,
濿,,砅,,
瀁,,漾,,
瀂,澛,,澛,
瀃,,,𣽷,
瀅,,,滢,
瀆,涜,,渎,
瀇,,,㲿,
瀉,,,泻,
瀋,沉,,沈,
瀏,嚠,,浏,
瀒,澀,,,
瀕,,,濒,
瀘,,,泸,
瀝,,,沥,
瀟,,,潇,
瀠,,,潆,
瀦,,,潴,
瀧,,,泷,
瀨,瀬,,濑,
瀬,瀨,,,
瀰,彌,,㳽,
瀲,,,潋,
瀾,,,澜,
灃,,,沣,
灄,,,滠,
灌,潅,,,
灎,灩灔滟,,,
灏,,,,灝
灑,,洒,洒,
灔,灩灧滟灎,,,
灕,,,漓,
灘,,潬,滩,
灙,,,𣺼,
灝,,,灏,
灠,,,漤,
灡,,,㳕,
灣,,,湾,
灤,欒,,滦,
灧,灔,,滟,
灩,灔滟灎,,,
火,,灬,,
灬,,火,,
灭,,,,滅
灮,光,,,
灯,,燈,,燈
灰,,,,
灴,,烘,,
灵,,靈,,靈
灶,竃,竈,,
災,烖,菑烖灾,灾,
灾,,菑災烖,,災
灿,,,,燦
炀,,,,煬
炁,,氣,,
炅,炔耿,,,
炉,,爐,,爐
炔,炅耿,,,
炙,,,,
炜,,,,煒
炝,,,,熗
炤,,照,,
炫,,,,
炮,,炰砲礮,,
炯,烱,,,
炰,,炮,,
炸,,煠,,
点,,,,點
為,爲,,为,
炼,,,,煉
炽,,,,熾
烁,,,,爍
烂,,,,爛
烃,,,,烴
烉,煥,,,
烊,,煬,,
烏,,,乌,
烕,,滅,,
烖,災,菑災灾,,
烘,,灴,,
烙,,,,
烛,,燭,,燭
烜,,晅,,
烝,,蒸,,
烟,,煙菸完,,煙
烦,,,,煩
烧,,,,燒
烨,,,,燁
烩,,,,燴
烫,,,,燙
烬,,,,燼
热,,,,熱
烱,炯,,,
烴,,,烃,
焔,焰,,,
焕,,,,煥
焖,,,,燜
焘,,,,燾
無,,无橆,无,
焦,焳,,,
焭,煢,,,
焰,焔,燄,,
焳,焦,,,
焼,燒,,,
煅,,鍛,,
煆,,鍜,,
煇,,輝,,
煉,,,炼,
煑,煮,,,
煒,,,炜,
煕,熙熈,,,
煖,暖,,,
煙,,菸完烟,烟,
煠,,炸,,
煢,焭,,茕,
煥,烉,,焕,
照,,炤,,
煩,,,烦,
煬,,烊,炀,
煮,煑,,,
煱,,,㶽,
煳,,㷻,,
煴,,,,熅
煽,扇搧,,,
熅,,,煴,
熇,,燺,,
熈,熙煕,,,
熉,,,𤈶,
熌,,,𤇄,
熏,,燻𤑕,,
熒,,,荧,
熓,,,𤆡,
熔,,鎔,,
熗,,,炝,
熙,熈煕,,,
熡,,,𤋏,
熨,,㷉,,
熱,,𤍠,热,
熲,,,颎,
熹,熺,,,
熺,熹,,,
熾,,,炽,
燁,,,烨,
燄,,焰,,
燈,,灯,灯,
燎,,,,
燐,,㷠粦,,
燒,焼,簫,烧,
燕,鷰讌醼,,,
燗,爛,,,
燙,,,烫,
燜,,,焖,
營,営,,营,
燣,燷,,,
燦,,,灿,
燭,,烛,烛,
燴,,,烩,
燶,,,㶶,
燷,燣,,,
燺,,熇,,
燻,,熏,,
燼,,,烬,
燾,,,焘,
燿,,耀曜,,
爄,,,𤇃,
爋,𤑕,,,
爍,,,烁,
爐,,炉,炉,
爛,燗,,烂,
爪,,爫㕚,,
爫,,爪㕚,,
爭,,争,争,
爱,,,,愛
爲,為,,为,
爷,,,,爺
爺,,,爷,
爼,俎,,,
爾,尓尒,尒尔,尔,
爿,丬,,,
牀,床,,,
牄,,蹌,,
牆,墙墻,墻廧,墙,
版,,板,,
牋,,箋,,
牍,,,,牘
牕,,窻窓窗,,
牘,,,牍,
牛,,牜,,
牜,,牛,,
牟,,麰,,
牠,,它他,,
牢,,,,
牦,犛氂髦,,,氂
牴,羝觝,,,
牵,,,,牽
牺,,,,犧
牽,,,牵,
犁,犂,,,
犂,犁,,,
犄,,,,
犇,,奔,,
犊,,,,犢
犖,,,荦,
犛,牦氂髦,,,
犠,犧,,,
犢,,,犊,
犧,犠,,牺,
犬,,犭,,
犭,,犬,,
犲,,豺,,
犴,,豻,,
状,,,,狀
犷,,,,獷
犸,,,,獁
犹,,猶,,猶
狀,,,状,
狈,,,,狽
狝,,,,獮
狞,,,,獰
狢,貉,,,
狥,,殉侚,,
独,,獨,,獨
狭,,,,狹
狮,,,,獅
狯,,,,獪
狰,,,,猙
狱,,,,獄
狲,,,,猻
狵,,尨,,
狷,,獧,,
狸,,貍,,
狹,,陜,狭,
狻,,䝜,,
狼,,,,
狽,,,狈,
猃,,,,獫
猇,,虓唬,,
猋,,飇颮,,
猎,,,,獵
猕,,,,獼
猗,,欹,,
猙,,,狰,
猟,獵,,,
猡,,,,玀
猨,,猿蝯,,
猪,,豬,,豬
猫,,貓,,貓
猬,,蝟,,蝟
献,,獻,,獻
猶,,犹,犹,
猻,,,狲,
猾,獪,,,
猿,,猨蝯,,
獁,,,犸,
獃,,呆,,
獄,,,狱,
獅,,,狮,
獎,奬,,奖,
獐,,麞,,
獠,,䝤,,
獣,獸,,,
獧,,狷,,
獨,,独,独,
獪,猾,,狯,
獫,,玁,猃,
獭,,,,獺
獮,,,狝,
獰,,,狞,
獱,,,㺍,
獲,,,获,
獵,猟,𤢪,猎,
獷,,,犷,
獸,獣,,兽,
獺,,,獭,
獻,,献,献,
獼,,,猕,
獾,,貛,,
玀,,,猡,
玁,,獫,𤞤,
玄,,伭,,
玅,,妙,,
玆,,兹茲,,
率,,,,
玑,,,,璣
玖,,九,,
玙,璵,,,
玚,,,,瑒
玛,,,,瑪
玟,珉,玫,,
玫,,玟,,
玮,,,,瑋
环,,,,環
现,,,,現
玱,,,,瑲
玲,,,,
玳,,瑇,,
玺,,,,璽
珉,玟,䃉砇,,
珍,,珎,,
珎,,珍,,
珐,,,,琺
珑,,,,瓏
珞,,,,
珪,,圭,,
珰,,,,璫
珲,,,,琿
珶,瑅,,,
珷,,碔,,
現,,,现,
球,,毬,,
琄,,鞙,,
琅,,瑯,,
理,,,,
琉,,瑠璢,,
琎,璡,,,
琏,,,,璉
琐,,,,瑣
琱,,雕,,
琺,,,珐,
琼,,,,瓊
琿,,,珲,
瑅,珶,,,
瑇,,玳,,
瑋,,,玮,
瑒,,,玚,
瑙,,碯,,
瑠,,琉,,
瑣,,,琐,
瑤,,,瑶,
瑩,,,莹,
瑪,,,玛,
瑯,,琅,,
瑲,,,玱,
瑶,,,,瑤
瑷,,,,璦
瑸,璸,,,
瑽,,,𪻐,
璁,,𤧚,,
璃,,瓈,,
璇,,璿,,
璉,,,琏,
璎,,,,瓔
璘,,,,
璡,琎,,,
璢,,琉,,
璣,,,玑,
璦,,,瑷,
璫,,,珰,
璯,,,㻅,
環,,,环,
璵,玙,,,
璸,瑸,,,
璽,,壐,玺,
璿,,璇,,
瓈,,璃,,
瓊,,,琼,
瓏,,,珑,
瓒,,,,瓚
瓔,,,璎,
瓕,,,𤦀,
瓚,,,瓒,
瓟,,匏,,
瓮,,罋甕,,
瓯,,,,甌
瓶,甁缾,,,
瓷,甆,磁,,
甁,瓶,,,
甆,瓷,,,
甌,,,瓯,
甎,,磚,,
甕,,罋瓮,,
甖,,罃罌,,
甚,,,,
甛,甜,,,
甜,甛,,,
甞,嘗,,,
產,産,,产,
産,產,,,
甤,,蕤,,
甦,,穌,,
甩,,,,
甪,角,,,
甬,,埇,,
甯,,寗,,
电,,,,電
町,,圢,,
画,畫,,,畫
甽,,畎,,
甾,,菑,,
甿,,氓,,
畄,留畱,,,
畅,,,,暢
畆,畒畝畮,畝,,
畊,,耕,,
界,堺畍,,,
畍,堺界,,,
畎,,甽,,
畒,畮畝畆,,,
留,畱畄,,,
畝,畒畆畮,畆,亩,
畢,,,毕,
略,畧,,,
畧,略,,,
番,蹯,,,
畫,画畵,,画,
畬,畲畭,,,
畭,畬,,,
畮,畒畝畆,,,
異,,,异,
畱,,留畄,,
畲,畬,,,
畳,曡疉疊,,,
畴,,,,疇
畵,畫,,,
當,,,当,
畺,,疆,,
畽,,疃,,
疃,,畽,,
疆,,畺,,
疇,,,畴,
疉,曡畳疊叠,,,
疊,曡疉畳叠,迭,叠,
疋,,匹,,
疍,,蛋,,
疎,,疏,,
疏,,疎,,
疖,,,,癤
疗,,,,療
疟,,,,瘧
疠,,,,癘
疡,,,,瘍
疣,,肬,,
疬,,,,癧
疭,,,,瘲
疮,,,,瘡
疯,,,,瘋
疱,,皰,,皰
疴,,痾,,痾
疸,,癉,,
疹,,胗,,
症,,,,癥
痈,,,,癰
痉,,,,痙
痐,,蚘,,
痒,,癢,,癢
痖,,,,瘂
痙,,,痉,
痢,,,,
痨,,,,癆
痩,瘦,,,
痪,,,,瘓
痫,,,,癇
痮,,脹,,
痲,痳,,,
痳,痲,,,
痴,,癡,,
痹,,痺,,
痺,,痹,,
痼,,㽽,,
痾,,疴,疴,
瘂,,啞,痖,
瘅,,,,癉
瘆,,,,瘮
瘉,,癒,,
瘋,,,疯,
瘍,,,疡,
瘓,,,痪,
瘗,,,,瘞
瘘,瘺,,,瘺
瘞,,,瘗,
瘡,,,疮,
瘦,痩,,,
瘧,,,疟,
瘨,,癲,,
瘪,,,,癟
瘫,,,,癱
瘮,,,瘆,
瘲,,,疭,
瘶,,嗽,,
瘺,瘘,瘻,瘘,
瘻,,瘺,,
瘾,,,,癮
瘿,,,,癭
療,,,疗,
癆,,,痨,
癇,,,痫,
癉,,疸,瘅,
癒,愈,瘉,,
癘,,,疠,
癛,癝,,,
癝,癛,,,
癞,,,,癩
癟,,,瘪,
癡,,痴,,
癢,,痒,痒,
癣,,,,癬
癤,,,疖,
癥,,,症,
癧,,,疬,
癨,霍,,,
癩,,,癞,
癫,,,,癲
癬,,,癣,
癭,,,瘿,
癮,,,瘾,
癯,,臞,,
癰,,,痈,
癱,,,瘫,
癲,,瘨,癫,
発,发彂發,,,
登,,豋,,
發,发彂発,,发,
百,,佰,,
皁,,皂,,
皂,,皁,,
皃,貌,,,
皈,,歸,,
皋,皐,臯睾,,
皎,,㿟皦,,
皐,皋,,,
皑,,,,皚
皓,,皝顥,,
皚,,,皑,
皜,,暠,,
皝,,皓顥,,
皞,,皡皥,,
皟,,,𤾀,
皡,,皥皞,,
皥,,皡皞,,
皦,,㿟皎,,
皰,,疱,疱,
皱,,,,皺
皲,,,,皸
皷,鼓皼鼔,,,
皸,,,皲,
皺,,縐,皱,
皼,鼓皷,,,
盃,,杯,,
盅,,,,
盇,,盍,,
益,,,,
盌,,椀碗,,
盍,,盇,,
盏,,,,盞
盐,,,,鹽
监,,,,監
盖,,蓋葢,,蓋
盗,,盜,,盜
盘,,,,盤
盙,,簠,,
盜,,盗,盗,
盞,,,盏,
盡,,,尽,
監,,,监,
盤,,,盘,
盧,,,卢,
盩,,盭,,
盪,,蕩蘯,荡,
盭,,盩,,
省,,,,
眇,,緲,,
眈,,躭,,
眍,,,,瞘
眎,,視,,
眘,愼,,,
眙,瞪,,,
眞,真,,,
真,眞,,,
眠,,,,
眥,,眦,眦,
眦,,眥,,眥
眬,,,,矓
眾,衆,,众,
着,,著,,著
睁,,,,睜
睍,,,𪾢,
睏,,困,困,
睐,,,,睞
睑,,,,瞼
睜,,,睁,
睞,,,睐,
睫,,䀹,,
睹,,覩,,
睾,,皋,,
睿,,叡,,
瞅,,矁,,
瞆,,,,瞶
瞍,,𥈟,,
瞒,,,,瞞
瞘,,,眍,
瞜,,,䁖,
瞞,,,瞒,
瞠,,瞪,,
瞤,,,𥆧,
瞥,,苤,,
瞩,,,,矚
瞪,眙,瞠,,
瞬,,䀢,,
瞭,暸了,,,
瞯,,瞷,,
瞰,,矙,,
瞶,,,瞆,
瞷,,瞯,,
瞹,,曖,,
瞼,,,睑,
瞿,,䀠,,
矁,,瞅,,
矇,蒙苎懞朦,,,
矈,矏,,,
矋,,矖,,
矏,矈,,,
矓,,,眬,
矖,,矋,,
矙,,瞰,,
矚,,,瞩,
矢,笶,,,
矧,,訠,,
矩,榘,,,
矫,,,,矯
矮,,躷,,
矯,,,矫,
矰,,,,
石,,𥐘,,
矶,,,,磯
矾,,,,礬
矿,,,,礦
砀,,,,碭
码,,,,碼
砅,,濿,,
砇,,珉,,
砌,,,,
砒,,磇,,
研,硎,揅,,
砕,碎,,,
砖,,,,磚
砗,,,,硨
砚,,,,硯
砜,,,,碸
砠,,岨,,
砣,,鉈𥓿,,
砥,,厎,,
砦,,寨,,
砧,碪,,,
砲,礮,炮,,
砺,,,,礪
砻,,,,礱
砾,,,,礫
砿,礦,,,
础,,,,礎
硁,,,,硜
硎,研,,,
硕,,,,碩
硖,,,,硤
硗,,,,磽
硙,,,,磑
硚,礄,,,礄
硜,,踁䃘,硁,
硤,,唊,硖,
硨,,,砗,
硫,,,,
硬,峺,,,
硭,,𥐞,,
确,,,,確
硯,,,砚,
硵,磠,,,磠
硷,鹸鹼,,,鹼礆
碁,,棋棊,,
碌,,,,
碍,,礙㝵,,礙
碎,砕,,,
碔,,珷,,
碕,崎,,,
碗,,椀盌,,
碙,,,𥐻,
碛,,,,磧
碜,,,,磣
碥,扁,,,
碩,,,硕,
碪,砧,,,
碭,,,砀,
碯,,瑙,,
碰,,掽,,
碱,,鹻鹼,,鹼
碸,,,砜,
確,,,确,
碼,,,码,
碽,,,䂵,
磁,,瓷,,
磆,滑,,,
磇,,砒,,
磊,,磥,,
磌,,𧰊,,
磑,,,硙,
磒,,隕,,
磚,,甎,砖,
磛,,嶃,,
磠,硵,,硵,
磡,,墈,,
磣,,,碜,
磥,,磊,,
磧,,,碛,
磪,,崔,,
磯,,,矶,
磴,,嶝,,
磵,,澗,,
磻,,,,
磽,,墝,硗,
礄,硚,,硚,
礆,険險,,硷,
礎,,,础,
礒,,,𥐟,
礙,,碍㝵,碍,
礟,,礮,,
礡,礴,,,
礦,鉱鑛砿,鑛,矿,
礪,,,砺,
礫,,,砾,
礬,,,矾,
礮,砲,礟炮,,
礱,,𤮨,砻,
礴,礡,,,
礶,,罐,,
示,,礻,,
礻,,示,,
礼,,禮,,禮
礿,,禴,,
祃,,,,禡
祇,,,,
祎,,,,禕
祐,,佑,,
祕,秘,,,
祗,只,,,
祘,算,,,
神,,,,
祢,,,,禰
祥,,,,
祯,,,,禎
祷,,,,禱
祸,,,,禍
祺,禥,,,
祿,,,禄,
禀,,稟,,稟
禂,,禱,,
禄,,,,祿
禅,,,,禪
禍,,,祸,
禎,,,祯,
福,,,,
禕,,,祎,
禡,,,祃,
禥,祺,,,
禦,,,御,
禪,,,禅,
禮,,礼,礼,
禰,,,祢,
禱,,禂,祷,
禴,,礿,,
离,,,,離
禿,,秃,秃,
私,厶,,,
秃,,禿,,禿
秄,,耔,,
秆,,稈,,稈
秇,,蓺藝埶,,
秈,,籼,籼,
秉,,,,
秊,,,,
秋,穐,䆋龝秌,,
秌,,秋,,
种,,,,種
秏,耗,,,
秐,耘,,,
秔,,稉粳,,
秕,,粃,,
秘,祕,,,
秤,,,,
积,,,,積
称,,,,稱
秸,,稭,,
移,,迻,,
秽,,,,穢
秾,,,,穠
稀,,,,
稅,,,税,
稆,,,,穭
稈,,秆,秆,
稉,,粳秔,,
稊,,䄺,,
税,,,,稅
稏,,,䅉,
稘,,朞,,
稚,,穉稺䕌,,
稜,,棱楞,,
稟,,禀,,
稣,,,,穌
稬,,糯,,
稭,,秸,,
種,,,种,
稱,,偁穪,称,
稲,稻,,,稻
稳,,,,穩
稺,,稚,,
稻,稲,,,
稽,,,,
稾,稿,,,
稿,稾,槀,,
穀,,糓,谷,
穂,穗,,,
穅,糠,,,
穉,,稚,,
穌,,甦,稣,
積,,,积,
穎,,頴,颖,
穐,秋,,,
穑,,,,穡
穗,穂,,,
穞,穭,,,
穠,,,秾,
穡,,,穑,
穢,,,秽,
穣,穰,,,
穤,,糯,,
穩,,㒚,稳,
穪,,偁稱,,
穫,获,檴,获,
穭,穞,,稆,
穰,穣,,,
穷,,,,窮
穽,阱,,,
窃,,竊,,竊
窌,,窖,,
窍,,,,竅
窎,,,,窵
窑,,,,窯
窓,䆫牕窻窗,,,
窕,,,,
窖,,窌,,
窗,䆫窻牕窓,,,
窜,,,,竄
窝,,,,窩
窥,,,,窺
窦,,,,竇
窩,,,窝,
窪,,,洼,
窭,,,,窶
窮,,竆,穷,
窯,窰,,窑,
窰,窯,,,
窴,,塡,,
窵,,,窎,
窶,,寠,窭,
窺,,,窥,
窻,,窓牕窗,,
竃,灶,,,
竄,,,窜,
竅,,,窍,
竆,,窮,,
竇,,,窦,
竈,,灶,,
竉,,𥥅䆔,,
竊,,窃,窃,
立,,,,
竒,奇,,,
竖,竪豎,,,豎
竚,,佇,,
竜,尨龍,,,
竝,並,,,
竞,,,,競
竢,,俟,,
竪,豎,,竖,
競,竸,誩,竞,
竸,競,,,
竻,,𥵚簕,,
竾,篪,,,
竿,,𣔼,,
笃,,,,篤
笆,巴,,,
笋,,筍,,筍
笑,咲,,,
笓,,篦,,
笔,,筆,,筆
笕,,,,筧
笛,,篴,,
笠,,,,
笨,,㤒,,
笶,矢,,,
笺,,,,箋
笻,筇,,,
笼,,,,籠
笾,,,,籩
筆,,笔,笔,
筇,笻,,,
等,朩,,,
筋,觔,,,
筍,,笋,笋,
筏,,栰,,
筐,筺,,,
筑,,,,築
答,荅,,,
策,筞,,,
筚,,,,篳
筛,,,,篩
筜,,,,簹
筝,,,,箏
筞,策,,,
筦,,管,,
筧,,,笕,
筭,,算,,
筯,,箸,,
筱,篠筿,,,
筴,,,䇲,
筹,,,,籌
筺,筐,,,
筼,,,,篔
签,籤籖,,,簽
筿,筱篠,,,
简,,,,簡
箇,,個个,,
箋,,牋,笺,
箍,,箛,,
箎,,篪,,
箏,,,筝,
箒,,帚,,
箓,,,,籙
箔,,,,
箖,,籃,,
算,祘,筭,,
箚,剳札,,,
箛,,箍,,
箝,钳鉗,,,
箠,,捶,,
管,,筦,,
箦,,,,簀
箧,,,,篋
箨,,,,籜
箩,,,,籮
箪,,,,簞
箫,,,,簫
箬,篛,,,
箳,簈,,,
箴,,針鍼,,
箸,,筯,,
箾,,簫,,
節,,,节,
範,,,范,
築,,,筑,
篋,,匧,箧,
篑,,,,簣
篓,,,,簍
篔,,,筼,
篘,,,𥬠,
篛,箬,,,
篠,筱筿,,,
篡,簒,,,
篢,,槓,,
篤,,,笃,
篦,,笓,,
篩,,簁簛,筛,
篪,竾,箎,,
篭,籠,,,
篮,,,,籃
篯,籛,,,籛
篱,,,,籬
篲,彗,,,
篳,,,筚,
篴,,笛,,
篺,,棑,,
簀,,,箦,
簁,,篩簛,,
簈,箳,,,
簌,,雝,,
簍,,,篓,
簑,蓑簔,,,
簒,篡,,,
簔,簑,,,
簕,,竻,,
簖,,,,籪
簘,簫,,,
簛,,篩簁,,
簞,,,箪,
簠,,盙,,
簡,,耕,简,
簣,,蕢籄,篑,
簨,,栒,,
簫,簘,燒箾,箫,
簷,,檐,,
簹,,,筜,
簻,,檛,,
簽,,,签,
簾,,𢅏𢅖,帘,
籁,,,,籟
籃,,箖,篮,
籄,,簣蕢,,
籋,,,𥬞,
籌,,,筹,
籐,籘,藤,,
籑,,䉵饌,,
籔,藪,,䉤,
籖,籤签,,,
籘,籐,,,
籙,,,箓,
籛,篯,,篯,
籜,,,箨,
籟,,,籁,
籠,篭,,笼,
籤,签籖,,,
籥,,龠,,
籩,,,笾,
籪,,,簖,
籬,,,篱,
籮,,,箩,
籲,吁,龥,,
籴,,,,糴
类,,,,類
籼,,秈,,秈
粃,,秕,,
粋,粹,,,
粒,,,,
粗,,觕麤麄麁,,
粘,,黏,,
粛,肅,,,
粜,,,,糶
粝,,,,糲
粤,,粵,,粵
粥,鬻,,,
粦,,㷠燐,,
粧,,妝,,
粪,,,,糞
粫,糯,,,
粮,,糧,,糧
粳,,稉秔,,
粵,,粤,粤,
粹,粋,,,
粽,糉糭,,,
精,,,,
糁,,,,糝
糇,,餱,,餱
糉,粽糭,,,
糊,,,,
糓,,穀,,
糕,,餻,,
糖,餹,,,
糙,,㿷,,
糝,,,糁,
糞,,,粪,
糟,,醩,,
糠,穅,,,
糡,,糨,,
糤,馓,饊,,
糧,,粮,粮,
糨,,糡,,
糭,糉粽,,,
糯,粫,稬𥻟穤,,
糰,,䊜,,
糲,,,粝,
糴,,,籴,
糶,,條,粜,
糸,絲纟,糹,,
糹,,糸,纟,
糺,,糾,,
系,,,,繫係
糾,,糺,纠,
紀,,,纪,
紂,,,纣,
約,,,约,
紅,,,红,
紆,,,纡,
紇,,,纥,
紈,,,纨,
紉,,,纫,
紋,,,纹,
納,,,纳,
紐,,,纽,
紓,,,纾,
純,,,纯,
紕,,,纰,
紖,,,纼,
紗,,,纱,
紘,,,纮,
紙,,帋,纸,
級,,𨸚,级,
紛,,,纷,
紜,,,纭,
紝,,,纴,
紟,,衿,,
紡,,,纺,
索,,,,
紥,扎紮,,,
紧,,,,緊
紬,,綢,䌷,
紮,紥扎,,,
累,,,,纍
細,,,细,
紱,,,绂,
紲,絏,緤,绁,
紳,,,绅,
紵,,,纻,
紹,,佋,绍,
紺,,,绀,
紼,,,绋,
紿,,,绐,
絀,,,绌,
終,,,终,
絃,,弦,,
組,,,组,
絅,,褧,䌹,
絆,,,绊,
絋,纊絖,,,
経,經,,,
絎,,,绗,
絏,紲,,,
結,,,结,
絕,绝絶,,绝,
絖,絋纊,,,
絚,,緪縆,,
絛,,縚,绦,
絝,褲绔綯袴,,绔,
絞,,,绞,
絡,,,络,
絢,,,绚,
絣,,,,
絥,,鞴,,
給,,,给,
絨,,,绒,
絪,,氤,,
絰,,,绖,
統,,綂,统,
絲,糸纟,,丝,
絳,,,绛,
絵,缋繪繢,,,
絶,絕,,,
絷,,,,縶
絹,,,绢,
絺,,,𫄨,
綀,,,𦈌,
綁,,,绑,
綂,,統,,
綃,,,绡,
綆,,,绠,
綇,,,𦈋,
綈,,,绨,
綉,繡繍,,,
綌,,,绤,
綏,,,绥,
綐,,,䌼,
綑,,捆,,
經,経,𦀇,经,
継,繼,,,
続,續,,,
綜,,,综,
綞,,,缍,
綠,緑绿,氯,绿,
綢,,紬,绸,
綣,,,绻,
綫,,線,,
綬,,,绶,
維,,,维,
綯,褲絝绔袴,,绹,
綰,,,绾,
綱,,,纲,
網,,,网,
綳,繃,,,
綴,,,缀,
綵,,,䌽,
綸,,,纶,
綹,,,绺,
綺,,,绮,
綻,,䘺,绽,
綽,,,绰,
綾,,,绫,
綿,,緜,绵,
緄,,,绲,
緇,,,缁,
緊,,,紧,
緋,,,绯,
緍,,,𦈏,
総,搃縂總捴,,,
緐,繁,,,
緑,綠,,,
緒,緖,,绪,
緓,,,绬,
緔,绱,,,
緖,緒,,,
緗,,,缃,
緘,,,缄,
緙,,,缂,
線,缐线,綫,线,
緜,,綿,,
緝,,,缉,
緞,,,缎,
締,,,缔,
緡,,,缗,
緣,縁,,缘,
緤,,紲,,
緥,,褓,,
緦,,,缌,
編,,,编,
緩,,,缓,
緪,,絚縆,,
緬,,,缅,
緯,,,纬,
緰,,,𦈕,
緱,,,缑,
緲,,眇,缈,
練,,,练,
緶,,,缏,
緷,,,𦈉,
緸,,,𦈑,
緹,,,缇,
緻,,,致,
緼,縕,,,
縁,緣,,,
縂,搃總捴総,,,
縄,繩,,,
縆,,絚緪,,
縈,,,萦,
縉,,,缙,
縊,,,缢,
縋,,,缒,
縎,,,𦈔,
縐,,皺,绉,
縑,,,缣,
縕,緼,,缊,
縗,,,缞,
縚,,絛,,
縛,,,缚,
縝,,,缜,
縞,,,缟,
縟,,溽,缛,
縣,,,县,
縦,縱,,,
縫,,,缝,
縬,,,𦈚,
縭,,褵,缡,
縮,,,缩,
縯,,䌥,,
縱,縦,,纵,
縲,,,缧,
縳,,,䌸,
縴,纤,,,
縵,,,缦,
縶,,,絷,
縷,,,缕,
縹,,,缥,
縺,,,𦈐,
總,搃縂捴総,摠搃𢰾,总,
績,,,绩,
繁,緐,,,
繃,綳绷,,绷,
繅,,繰,缫,
繆,,,缪,
繈,襁繦,,,
繊,纎纖,,,
繋,繫,,,
繍,繡綉,,,
繏,,,𦈝,
繒,,,缯,
繓,,,𦈛,
織,,,织,
繕,,,缮,
繖,,傘,,
繙,翻,,,
繚,,,缭,
繞,,遶,绕,
繟,,,𦈎,
繡,綉繍,,绣,
繢,,,缋,
繦,繈,,,
繩,縄䋲,,绳,
繪,絵,,绘,
繫,繋,,系,
繭,,,茧,
繮,,韁,缰,
繯,,,缳,
繰,,繅,缲,
繲,,挫,,
繳,,,缴,
繸,,,䍁,
繹,,,绎,
繻,,,𦈡,
繼,継,,继,
繽,,,缤,
繾,,,缱,
繿,襤,,䍀,
纁,,,𫄸,
纂,,,,
纇,颣,,颣,
纈,,,缬,
纉,纘,,,
纊,絋絖,,纩,
續,続,,续,
纍,,,累,
纎,繊纖,,,
纏,纒,,缠,
纒,纏,,,
纓,,,缨,
纔,,,,
纖,繊纎,,纤,
纘,纉,,缵,
纜,,䌫,缆,
纟,糸絲,,,糹
纠,,,,糾
纡,,,,紆
红,,,,紅
纣,,,,紂
纤,縴,,,纖
纥,,,,紇
约,,,,約
级,,,,級
纨,,,,紈
纩,,,,纊
纪,,,,紀
纫,,,,紉
纬,,,,緯
纭,,,,紜
纮,,,,紘
纯,,,,純
纰,,,,紕
纱,,,,紗
纲,,,,綱
纳,,,,納
纴,,,,紝
纵,,,,縱
纶,,,,綸
纷,,,,紛
纸,,,,紙
纹,,,,紋
纺,,,,紡
纻,,,,紵
纼,,,,紖
纽,,,,紐
纾,,,,紓
线,線,,,線
绀,,,,紺
绁,,,,紲
绂,,,,紱
练,,,,練
组,,,,組
绅,,,,紳
细,,,,細
织,,,,織
终,,,,終
绉,,,,縐
绊,,,,絆
绋,,,,紼
绌,,,,絀
绍,,,,紹
绎,,,,繹
经,,,,經
绐,,,,紿
绑,,,,綁
绒,,,,絨
结,,,,結
绔,褲絝袴綯,,,絝
绕,,,,繞
绖,,,,絰
绗,,,,絎
绘,,,,繪
给,,,,給
绚,,,,絢
绛,,,,絳
络,,,,絡
绝,絕,,,絕
绞,,,,絞
统,,,,統
绠,,,,綆
绡,,,,綃
绢,,,,絹
绣,繡,,,繡
绤,,,,綌
绥,,,,綏
绦,,,,絛
继,,,,繼
绨,,,,綈
绩,,,,績
绪,,,,緒
绫,,,,綾
绬,,,,緓
续,,,,續
绮,,,,綺
绯,,,,緋
绰,,,,綽
绱,緔,,,鞝
绲,,,,緄
绳,,,,繩
维,,,,維
绵,,,,綿
绶,,,,綬
绷,繃,,,繃
绸,,,,綢
绹,,,,綯
绺,,,,綹
绻,,,,綣
综,,,,綜
绽,,,,綻
绾,,,,綰
绿,綠,,,綠
缀,,,,綴
缁,,,,緇
缂,,,,緙
缃,,,,緗
缄,,,,緘
缅,,,,緬
缆,,,,纜
缇,,,,緹
缈,,,,緲
缉,,,,緝
缊,,,,縕
缋,繪絵繢,,,繢
缌,,,,緦
缍,,,,綞
缎,,,,緞
缏,,,,緶
缐,線,,,
缑,,,,緱
缒,,,,縋
缓,,,,緩
缔,,,,締
缕,,,,縷
编,,,,編
缗,,,,緡
缘,,,,緣
缙,,,,縉
缚,,,,縛
缛,,,,縟
缜,,,,縝
缝,,,,縫
缞,,,,縗
缟,,,,縞
缠,,,,纏
缡,,,,縭
缢,,,,縊
缣,,,,縑
缤,,,,繽
缥,,,,縹
缦,,,,縵
缧,,,,縲
缨,,,,纓
缩,,,,縮
缪,,,,繆
缫,,,,繅
缬,,,,纈
缭,,,,繚
缮,,,,繕
缯,,,,繒
缰,,,,韁
缱,,,,繾
缲,,,,繰
缳,,,,繯
缴,,,,繳
缵,,,,纘
缶,,,,
缷,卸,,,
缸,,罁堈,,
缺,,,,
缻,,,,
缽,钵,鉢,钵,
缾,瓶,,,
罁,,堈缸,,
罂,,,,罌
罃,,罌甖,,
罅,,𨻲,,
罇,墫樽,,,
罈,,墰壜,坛,
罋,,甕瓮,,
罌,,罃甖,罂,
罐,鑵礶,,,
网,,㓁罔,,網
罔,,网,,
罗,囉,羅,,羅
罘,罦,,,
罚,,,,罰
罢,,,,罷
罥,羂,,,
罦,罘,,,
罩,,䈇,,
罪,辠,,,
置,寘,,,
罰,罸,,罚,
署,,,,
罴,,,,羆
罵,駡骂,傌,骂,
罶,羀,,,
罷,,,罢,
罸,罰,,,
罹,,,,
羀,罶,,,
羁,,,,羈
羂,罥,,,
羃,,冪,,
羅,,罗,罗,
羆,,,罴,
羇,羈覊,,,
羈,覉覊羇,覊,羁,
羋,,,芈,
羌,,羗,,
美,,羙,,
羓,,豝,,
羖,,𦍩,,
羗,,羌,,
羙,,美,,
羚,,,,
羝,牴,,,
羟,,,,羥
羡,羨,,,
羣,群,,,
群,羣,,,
羥,,,羟,
羨,羡,,,
義,,义,义,
羮,羹,,,
羴,,羶,,
羶,,羴,,
羹,羮,,,
羽,,,,
翄,翅,,,
翅,翄,,,
翆,翠,,,
習,,,习,
翘,,,,翹
翙,翽,,,翽
翚,翬,,,翬
翠,翆,,,
翥,,䬡,,
翦,,剪,,
翬,翚,,翚,
翱,翺翶,,,
翶,翱,,,
翹,,,翘,
翺,翱,,,
翻,繙飜,,,
翼,,,,
翽,翙,,翙,
耀,,曜燿,,
老,耂,,,
耂,老,,,
考,,攷,,
耇,耈,,,
耈,耉耇,,,
耉,耈,,,
耏,,耐,,
耐,,耏,,
耑,,專,,
耒,,,,
耔,,秄,,
耕,,簡畊,,
耗,秏,,,
耘,秐,,,
耙,,鈀,,
耡,鋤,,,
耢,,,,耮
耤,,,,
耧,,,,耬
耨,,鎒,,
耬,,,耧,
耮,,,耢,
耰,,櫌,,
耸,,,,聳
耻,,恥,,恥
耼,,聃,,
耽,躭,,,
耿,炅炔,,,
聂,,,,聶
聃,,耼,,
聆,,,,
聋,,,,聾
职,,,,職
聍,,,,聹
联,,,,聯
聖,垩堊,圣,圣,
聝,,馘,,
聞,,,闻,
聟,婿,,,
聡,聰,,,
聦,,聰,,
聨,聫聯聮,,,
聩,,,,聵
聪,,,,聰
聫,聨聯聮,,,
聮,聨聫聯,,,
聯,聨聫聮,,联,
聰,聡,聦,聪,
聲,,声,声,
聳,,,耸,
聴,聽聼,,,
聵,,,聩,
聶,,,聂,
職,,軄,职,
聹,,,聍,
聻,,魙,,
聼,聽聴,,,
聽,聴聼,听,听,
聾,,,聋,
聿,肀,,,
肀,聿,,,
肃,,,,肅
肅,粛,,肃,
肆,,,,
肇,,肈,,
肈,,肇,,
肉,宍,,,
肋,,,,
肐,𩨘胳,,,
肕,,韌,,
肠,,,,腸
股,脵,𦙶,,
肢,,胑,,
肤,,,,膚
肧,,胚,,
肨,,胮,,
肬,,疣,,
肮,,,,骯
肯,肻,,,
肱,,厷,,
育,,,,
肳,,吻,,
肴,,餚,,餚
肻,肯,,,
肾,,,,腎
肿,,,,腫
胀,,,,脹
胁,,,,脅
胄,冑,,,
胆,,膽,,膽
胊,朐,,,
背,,,,
胑,,肢,,
胓,,𦚓,,
胔,,骴,,
胗,,疹,,
胚,,肧,,
胜,,,,勝
胝,郅,,,
胞,脬,,,
胡,,,,衚鬍
胧,,,,朧
胨,,,,腖
胪,,,,臚
胫,,,,脛
胭,臙,,,
胮,,肨,,
胯,,骻,,
胳,肐𩨘,,,
胶,,,,膠
胷,胸,,,
胸,胷,,,
胼,腁,,,
脃,,脆,,
脅,脇,,胁,
脆,,脃,,
脇,脅,,,
脈,,脉衇,脉,
脉,,䘑脈衇,,脈
脍,,,,膾
脏,髒,,,髒臟
脐,,,,臍
脑,,,,腦
脓,,,,膿
脔,,,,臠
脚,,腳,,腳
脛,,,胫,
脣,唇,,,
脥,,,𣍰,
脧,朘,,,
脪,,㾙,,
脫,,,脱,
脬,胞,,,
脱,,,,脫
脲,尿,,,
脳,腦,,,
脵,股,,,
脶,,,,腡
脸,,,,臉
脹,,痮,胀,
腁,胼,,,
腊,,臈臘,,臘
腌,,,,
腎,,,肾,
腕,,𦙵,,
腖,,,胨,
腘,膕,,,膕
腟,膣,,,
腡,,,脶,
腢,,髃,,
腦,脳,匘,脑,
腪,,,𣍯,
腫,,尰,肿,
腭,,齶,,齶
腮,,顋,,
腳,,脚,脚,
腸,膓,,肠,
腻,,,,膩
腼,,,,靦
腽,,,,膃
腾,,,,騰
腿,,骽,,
膃,,,腽,
膆,,嗉,,
膋,,膫,,
膑,,,,臏
膓,腸,,,
膕,腘,,腘,
膘,臕,,,
膚,,,肤,
膠,,,胶,
膢,,,𦝼,
膣,腟,,,
膩,,,腻,
膫,,膋,,
膳,,饍,,
膸,髓髄,,,
膻,,,,
膽,,胆,胆,
膾,,鱠,脍,
膿,,,脓,
臇,,𤎱,,
臈,臘,,,
臉,,,脸,
臊,,𦞣,,
臍,,,脐,
臏,髕髌,,膑,
臓,臟,,,
臕,膘,,,
臗,,,𣎑,
臘,臈,,腊,
臙,胭,,,
臚,髗,,胪,
臜,,,,臢
臞,,癯,,
臟,臓,,脏,
臠,,,脔,
臢,,,臜,
臥,,卧,,
臨,,,临,
臯,,皋𦤎,,
致,,,,緻
臺,,台,台,
舀,,抌,,
舃,舄,,,
舄,舃,,,
舆,,,,輿
與,,与,与,
興,,㒷,兴,
舉,挙擧,擧㪯,举,
舊,,旧,旧,
舍,舎,,,捨
舎,舍,,,
舐,,舓,,
舒,,,,
舓,,舐,,
舔,,餂,,
舖,,鋪舗,,
舗,,鋪舖,,
舘,,館,,
舡,,,,
舣,,,,艤
舦,,艜,,
舩,船,,,
航,桁,,,
舮,櫓,,,
舰,,,,艦
舱,,,,艙
舵,,柁,,
舶,艊,,,
船,舩,,,
舻,櫓,,,艫
艊,舶,,,
艑,,,,
艙,,,舱,
艜,,舦,,
艢,,檣,,
艣,櫓,,,
艤,,,舣,
艥,,楫檝,,
艦,,,舰,
艪,櫓,,,
艫,櫓,,舻,
良,,,,
艰,,,,艱
艱,,,艰,
艳,,,,艷
艴,勃,,,
艶,豔艷豓,,艳,
艷,豔艶豓,,艳,
艸,草艹,,,
艹,草艸,,,
艺,,,,藝
艽,,,,
节,,,,節
芈,,,,羋
芊,茜,,,
芒,,杧,,
芔,,卉,,
芗,,,,薌
芘,菝萆蔽蓖,,,
芜,,,,蕪
芟,,𠚹,,
芦,,蘆,,蘆
芭,巴,,,
花,,蘤,,
芸,藝兿,,,蕓
芻,,𦷝蒭,刍,
苁,,,,蓯
苅,刈,,,
苇,,,,葦
苈,,,,藶
苋,,,,莧
苌,,,,萇
苍,,,,蒼
苎,蒙懞矇朦,,,苧
苏,,,,蘇
苑,菀,,,
苕,,䒒,,
苛,,,,
苟,,茍,,
苡,,苢,,
苢,,苡,,
苤,,瞥,,
若,,,,
苧,,,苎,薴
苹,,,,蘋
苺,,莓,,
苽,菰菇,,,
苿,菋,,,
茂,楙,,,
范,,,,範
茅,茆泖,,,
茆,茅,,,
茈,柴,,,
茍,,苟,,
茎,,,,莖
茏,,,,蘢
茑,,,,蔦
茔,,,,塋
茕,,,,煢
茘,荔,,,
茜,芊,,,
茠,,薅,,
茧,,,,繭
茭,椒,,,
茲,,兹玆,兹,
茶,,,,
荅,答,,,
荆,,荊,,荊
荇,,莕,,
草,,艹艸,,
荊,,荆,荆,
荍,,蕎,,
荐,,薦,,薦
荔,茘,栛,,
荘,莊,,,
荙,,,,薘
荚,,,,莢
荛,,,,蕘
荜,,,,蓽
荝,萴,,,萴
荞,,,,蕎
荟,,,,薈
荠,,,,薺
荡,,,,蕩盪
荣,,榮,,榮
荤,,,,葷
荥,,,,滎
荦,,,,犖
荧,,,,熒
荨,,,,蕁
荩,,,,藎
荪,,,,蓀
荫,,,,蔭
荬,,,,蕒
荭,,,,葒
荮,,,,葤
药,,,,藥
荳,,豆,,
荽,萎,,,
莀,,農,,
莅,,蒞涖,,蒞
莆,蒲,,,
莊,,,庄,
莓,,苺,,
莕,,荇,,
莖,,,茎,
莜,,蓧,,
莢,,,荚,
莧,,,苋,
莩,,,,
莱,,,,萊
莲,,,,蓮
莳,,,,蒔
莴,,,,萵
莵,菟,,,
莶,,,,薟
获,穫,,,穫獲
莸,,,,蕕
莹,,,,瑩
莺,,,,鶯
莼,蒓蓴,,,蓴
莿,,朿,,
菀,苑,,,
菇,苽,菰𦱄,,
菋,苿,,,
菌,,,,
菑,,甾烖災灾,,
菓,,果,,
菔,,蔔,,
菝,芘蔽萆,,,
菟,莵,,,
菢,,勽,,
菫,堇,,,
華,崋,,华,
菰,苽,菇,,
菱,,,,
菴,,庵,,
菷,帚,,,
菸,,煙烟,,
菻,麻,,,
萅,春,,,
萆,菝芘蔽,蓖,,
萇,,,苌,
萊,,,莱,
萌,萠,,,
萎,荽,,,
萕,薺,,,
萚,蘀,,,
萝,,,,蘿
萠,萌,,,
萤,,,,螢
营,,,,營
萦,,,,縈
萧,,,,蕭
萨,,,,薩
萬,,卍万,万,
萱,,萲,,
萲,,萱,,
萴,荝,,荝,
萵,,,莴,
萼,蕚,,,
落,,,,
葁,,薑,,
葉,,,叶,
葒,,,荭,
著,,着,着,
葚,,椹,,
葢,蓋盖,,,
葤,,,荮,
葦,,,苇,
葫,,,,
葬,塟,,,
葯,,藥,,
葱,,蔥,,蔥
葷,,,荤,
蒇,,,,蕆
蒉,,,,蕢
蒋,,,,蔣
蒌,,,,蔞
蒍,蔿,,,
蒓,蓴莼,,,
蒔,,,莳,
蒙,朦苎矇懞,,,
蒞,,莅𦲷涖,莅,
蒭,,芻,,
蒲,莆,,,
蒸,,烝,,
蒼,,,苍,
蓀,,,荪,
蓆,席,,,
蓋,葢,,盖,
蓑,簑,,,
蓖,芘,萆,,
蓝,,,,藍
蓟,,,,薊
蓠,,,,蘺
蓡,參,,,
蓣,,,,蕷
蓥,,,,鎣
蓦,,,,驀
蓧,,莜,,
蓮,,,莲,
蓯,,,苁,
蓴,蒓莼,,莼,
蓺,,藝秇埶,,
蓼,,,,
蓽,,,荜,
蔂,,,,虆
蔔,,菔,,
蔚,,嶎,,
蔞,,,蒌,
蔣,,,蒋,
蔥,,葱,葱,
蔦,,,茑,
蔭,,廕,荫,
蔴,,麻,,
蔵,藏,,,
蔷,,,,薔
蔹,,,,蘞
蔺,,,,藺
蔼,,,,藹
蔽,芘菝萆,,,
蔿,蒍,,,
蕁,,,荨,
蕆,,,蒇,
蕈,,,,
蕊,蕋蘂,,,
蕋,蕊,,,
蕎,,荍,荞,
蕐,,,,
蕒,,,荬,
蕓,,,芸,
蕕,,,莸,
蕘,,,荛,
蕚,萼,,,
蕢,,簣籄,蒉,
蕣,,橓,,
蕤,,甤,,
蕩,,偒蘯盪,荡,
蕪,,,芜,
蕭,,,萧,
蕰,,,,薀
蕲,,,,蘄
蕴,蘊藴,,,蘊
蕷,,,蓣,
薀,,,蕰,
薅,,茠,,
薈,,,荟,
薊,,,蓟,
薌,,,芗,
薑,姜,葁,,
薓,,,,
薔,,,蔷,
薘,,,荙,
薟,,蘞,莶,
薦,,荐,荐,
薩,,,萨,
薫,薰,,,
薬,藥,,,
薮,,,,藪
薯,,藷,,
薰,薫,,,
薳,,,䓕,
薴,,,苧,
薺,萕,,荠,
藇,,𨣦,,
藉,,借,,
藍,,,蓝,
藎,,,荩,
藏,蔵,,,
藓,,,,蘚
藝,芸兿,蓺秇埶,艺,
藟,,蘽,,
藤,,籐,,
藥,薬,葯,药,
藦,,蘑,,
藪,籔,,薮,
藴,蘊蕴,,,
藶,,,苈,
藷,,薯,,
藹,,,蔼,
藺,,,蔺,
蘀,萚,,,
蘂,蕊,,,
蘄,,,蕲,
蘆,,芦,芦,
蘇,蘓囌,,苏,
蘊,蕴藴,,蕴,
蘋,,,苹,
蘏,蘔,,,
蘑,,藦,,
蘓,蘇,,,
蘔,蘏,,,
蘖,檘蘗,櫱,,櫱
蘗,檘蘖,,,
蘚,,,藓,
蘞,,薟,蔹,
蘢,,,茏,
蘤,,花,,
蘭,,,兰,
蘯,,蕩盪,,
蘺,,,蓠,
蘽,,藟,,
蘿,,,萝,
虆,,,蔂,
虎,乕,,,
虏,,,,虜
虐,,䖈,,
虑,,,,慮
虓,,唬猇,,
虔,,䖍,,
處,䖏処,,处,
虖,呼,,,
虚,,,,虛
虛,,,虚,
虜,,擄,虏,
虞,,𩦢,,
號,,号,号,
虣,,暴,,
虧,,,亏,
虫,,蟲,,蟲
虬,,蚪虯,,虯
虮,,,,蟣
虯,,虬,虬,
虱,蝨,,,
虺,蝰,,,
虽,,,,雖
虾,,,,蝦
虿,,,,蠆
蚀,,,,蝕
蚁,,,,蟻
蚂,,,,螞
蚃,蠁,,,蠁
蚊,螡蟁,,,
蚋,蜹,,,
蚓,,螾,,
蚕,,蠶,,蠶
蚘,,痐蛕蛔,,
蚝,,螆,,
蚤,,䖣,,
蚦,,蚺,,
蚪,,虬,,
蚬,,,,蜆
蚺,,蚦,,
蛄,,蛌,,
蛆,,𧐅,,
蛊,,,,蠱
蛋,旦,蜑疍,,
蛌,,蛄,,
蛍,螢,,,
蛎,,,,蠣
蛏,,,,蟶
蛓,,螆,,
蛔,蜖,蚘蛕,,
蛕,,蚘蛔,,
蛗,,𧌓,,
蛙,,鼃,,
蛛,鼄,,,
蛮,,,,蠻
蛰,,,,蟄
蛱,,,,蛺
蛲,,,,蟯
蛳,,,,螄
蛴,,,,蠐
蛺,,,蛱,
蛻,,,蜕,
蜂,,蠭,,
蜆,,,蚬,
蜇,,𧋍,,
蜋,,螂,,
蜍,,蠩,,
蜑,,蛋,,
蜕,,,,蛻
蜖,蛔,,,
蜗,,,,蝸
蜘,鼅,,,
蜝,,蜞,,
蜞,,蜝,,
蜡,,䄍蠟,蜡,蜡蠟
蜨,,蝶,,
蜫,,䖵,,
蜱,螵,,,
蜶,,蟀,,
蜹,蚋,,,
蜺,霓,,,
蝃,,螮,,
蝇,,蠅,,蠅
蝈,,,,蟈
蝉,,,,蟬
蝋,蠟,,,
蝎,,蠍,,
蝕,,,蚀,
蝟,,猬,猬,
蝥,,蟊,,
蝦,,鰕,虾,
蝨,虱,,,
蝯,,猨猿,,
蝰,虺,,,
蝱,,䖟,,
蝴,,,,
蝶,,蜨,,
蝸,,,蜗,
蝼,,,,螻
蝾,,,,蠑
蝿,蠅,,,
螀,,,,螿
螂,,蜋,,
螄,,,蛳,
螆,,蛓蚝,,
融,,螎,,
螎,,融,,
螗,螳,,,
螘,,蟻,,
螙,,蠧,,
螞,,,蚂,
螡,蚊,,,
螢,蛍,,萤,
螨,,,,蟎
螫,,,,
螮,,蝃,䗖,
螳,螗,,,
螵,蜱,,,
螺,,蠃,,
螻,,,蝼,
螾,,蚓,,
螿,,,螀,
蟀,,蜶,,
蟁,蚊,,,
蟄,,,蛰,
蟆,蟇,,,
蟇,蟆,,,
蟈,,,蝈,
蟊,,蝥,,
蟎,,,螨,
蟏,,,,蠨
蟒,蠎,,,
蟚,,蟛,,
蟛,,蟚,,
蟣,,,虮,
蟬,,,蝉,
蟮,,蟺,,
蟯,,,蛲,
蟲,,虫,虫,
蟶,,,蛏,
蟹,蠏,,,
蟺,,蟮,,
蟻,,螘,蚁,
蠁,蚃,,蚃,
蠃,,螺,,
蠅,蝿,蝇,蝇,
蠆,,,虿,
蠍,,蝎,,
蠎,蟒,,,
蠏,蟹,,,
蠐,,,蛴,
蠑,,,蝾,
蠔,,𧐢,,
蠟,蝋,蜡,蜡,
蠢,惷,,,
蠣,,,蛎,
蠧,蠹,螙,,
蠨,,,蟏,
蠩,,蜍,,
蠭,,蜂,,
蠱,,,蛊,
蠶,,蚕,蚕,
蠹,蠧,,,
蠻,,,蛮,
衂,衄,,,
衄,衂,,,
衅,,釁,,釁
衆,眾,,,
衇,,脉脈,,
行,,,,
衒,,,,
術,,,术,
衔,,,,銜
衕,,,同,
街,亍,,,
衚,,,胡,
衛,衞,,卫,
衝,,𧘂,冲,
衞,衛,,,
衣,,,,
衤,,,,
补,,,,補
表,,,,錶
衬,,,,襯
衮,,袞,,袞
衽,,袵,,
衿,,襟紟,,
袄,,,,襖
袅,嬝,,,裊
袆,,,,褘
袋,,帒,,
袒,,襢,,
袖,褎,,,
袜,,襪,,襪
袞,,衮,衮,
袠,,帙,,
袭,,,,襲
袯,,,,襏
袴,褲絝绔綯,,,
袵,,衽,,
袷,,裌,,
裂,,,,
装,,,,裝
裆,,,,襠
裈,,,,褌
裉,,褃,,
裊,嫋嬝,,袅,
裌,,袷,,
裏,裡,,里,
裒,,,,
裙,裠帬,,,
補,,,补,
裝,,,装,
裠,裙,,,
裡,裏,,里,
裢,,,,褳
裣,,,,襝
裤,,,,褲
裥,,,,襉
裴,裵,,,
裵,裴,,,
裸,,躶,,
製,,,制,
褃,,裉,,
複,復,,复,
褌,,,裈,
褎,袖,褏,,
褏,,褎,,
褒,襃,,,
褓,,緥,,
褘,,,袆,
褛,,,,褸
褟,,溻,,
褢,,褱,,
褧,,絅,,
褱,,褢,,
褲,絝绔綯袴,,裤,
褳,,,裢,
褴,褓,,,襤
褵,,縭,,
褸,,,褛,
褺,,褻䙝,,
褻,,褺䙝,亵,
襀,,,𫌀,
襁,,繈繦,,
襃,褒,,,
襄,,㐮,,
襉,,,裥,
襍,,雜,,
襏,,,袯,
襕,幱襴,,,襴
襖,,澳𥜌,袄,
襜,,襝,,
襝,,襜,裣,
襟,,衿,,
襠,,,裆,
襢,,袒,,
襤,繿,,褴,
襪,韈韤,,袜,
襬,,,䙓,
襮,,幞,,
襯,,儭,衬,
襲,,,袭,
襴,幱襕,,襕,
襾,覀,,,
西,,,,
覀,襾,,,
覆,復复,,复,
覇,霸,,,
覈,,核,,
覉,羈,,,
覊,羈羇,,,
見,,,见,
覌,觀観,,,
覎,,,觃,
規,槻,,规,
覐,,覺,,
覓,,覔,觅,
覔,,覓,,
視,,眎,视,
覘,,䦓𦕒,觇,
覙,覼,,,
覚,覺斍,,,
覡,,,觋,
覥,,靦,觍,
覦,,,觎,
覧,覽,,,
覩,,睹,,
親,,,亲,
覬,,,觊,
覯,,,觏,
覰,,覷,,
覲,,,觐,
観,觀覌,,,
覵,覸,,,
覷,,覰,觑,
覸,覵,,,
覺,覚斍,覐,觉,
覼,覙,,𫌨,
覽,覧,,览,
覿,,,觌,
觀,観覌,,观,
见,,,,見
观,,,,觀
觃,,,,覎
规,,,,規
觅,,,,覓
视,,,,視
觇,,,,覘
览,,,,覽
觉,,,,覺
觊,,,,覬
觋,,,,覡
觌,,,,覿
觍,,,,覥
觎,,,,覦
觏,,,,覯
觐,,,,覲
觑,,,,覷
角,甪,,,
觔,,斤,,
觕,,麄粗麤,,
觜,,咀嘴,,
觝,,牴,,
觞,,,,觴
解,,觧,,
觥,,觵,,
触,,,,觸
觧,,解,,
觯,,,,觶
觴,,,觞,
觵,,觥,,
觶,,,觯,
觸,,,触,
言,訁讠,,,
訁,言,,讠,
訂,,,订,
訃,,,讣,
訇,,渹𢕐𥔀,,
計,,,计,
訊,,,讯,
訌,,,讧,
討,,,讨,
訐,,,讦,
訑,,,𫍙,
訒,,,讱,
訓,,,训,
訕,,,讪,
訖,,,讫,
託,,侂,讬,
記,,,记,
訚,,,,誾
訛,譌,,讹,
訝,,,讶,
訟,,,讼,
訠,,矧,,
訢,,,䜣,
訣,,,诀,
訥,,吶,讷,
訦,,諶,,
訩,,詾,讻,
訪,,,访,
設,,,设,
許,,,许,
訳,譯,,,
訴,,愬,诉,
訶,呵,,诃,
診,,,诊,
註,,,注,
証,,證,,
訽,,詬,,
詀,,,𧮪,
詁,,,诂,
詆,,,诋,
詋,,呪,,
詎,,,讵,
詐,,,诈,
詑,,,𫍟,
詒,,,诒,
詔,,,诏,
評,,,评,
詖,,,诐,
詗,,,诇,
詘,,,诎,
詛,,,诅,
詞,,,词,
詟,讋,,,讋
詠,,咏,咏,
詡,,,诩,
詢,,,询,
詣,,,诣,
詤,,謊,,
試,,,试,
詧,,察,,
詩,,,诗,
詫,,,诧,
詬,,訽,诟,
詭,,,诡,
詮,,,诠,
詰,,,诘,
話,,䛡,话,
該,,,该,
詳,,,详,
詵,,侁駪,诜,
詶,酬酧,,,
詻,咯,,,
詼,,,诙,
詾,,訩,,
詿,,,诖,
誄,,,诔,
誅,,,诛,
誆,,,诓,
誇,侉,夸,夸,
誉,,,,譽
誊,,,,謄
誌,志,,志,
認,,,认,
誐,,哦,,
誑,,,诳,
誒,唉,,诶,
誕,,𧩙,诞,
誘,,䛻,诱,
誚,,譙,诮,
語,,,语,
誠,,,诚,
誡,,,诫,
誣,,,诬,
誤,,悞,误,
誥,,,诰,
誦,,,诵,
誨,,,诲,
誩,,競,,
說,説,,说,
説,說,,,
読,讀,,,
誰,,,谁,
課,,,课,
誶,,,谇,
誹,,,诽,
誼,,,谊,
誾,,,訚,
調,,,调,
諁,,啜,,
諂,,,谄,
諄,,,谆,
談,,譚,谈,
諉,,餵,诿,
諊,,鞫,,
請,,,请,
諌,諫,,,
諍,,,诤,
諏,,,诹,
諑,,,诼,
諒,,,谅,
諕,,唬,,
論,,,论,
諗,,,谂,
諛,,,谀,
諜,,,谍,
諝,,,谞,
諞,,,谝,
諠,,喧,,
諡,,謚,,
諢,,,诨,
諤,,讍,谔,
諦,,,谛,
諧,,龤,谐,
諩,譜,,,
諫,諌,,谏,
諭,,,谕,
諮,,咨,谘,
諰,,,𫍰,
諱,,,讳,
諳,,,谙,
諵,,喃,,
諶,,訦,谌,
諷,,,讽,
諸,,,诸,
諺,,,谚,
諼,,,谖,
諾,,,诺,
謀,,,谋,
謁,,,谒,
謂,,,谓,
謄,,,誊,
謅,,,诌,
謊,,詤,谎,
謌,,歌,,
謎,,,谜,
謏,,,𫍲,
謐,,,谧,
謔,,,谑,
謖,,,谡,
謗,,,谤,
謙,,,谦,
謚,,諡,谥,
講,,,讲,
謝,,,谢,
謠,謡谣,,谣,
謡,謠,,,
謨,,,谟,
謫,,讁,谪,
謬,,,谬,
謭,谫譾,,,
謱,,嘍,,
謳,,,讴,
謹,,,谨,
謼,呼,,,
謾,,,谩,
譁,,嘩,哗,
譈,,憝懟,,
證,,証,证,
譊,,,𫍢,
譌,訛,,,
譎,,憰,谲,
譏,,,讥,
譐,,噂,,
譖,,,谮,
識,,,识,
譙,,誚,谯,
譚,,談,谭,
譜,諩,,谱,
譟,,噪,,
警,,儆,,
譫,,,谵,
譭,,䛼,,
譯,訳,,译,
議,,,议,
譱,善,,,
譲,讓,,,
譴,,,谴,
護,,,护,
譸,,,诪,
譽,,,誉,
譾,謭,,谫,
讀,読,,读,
讁,,謫,,
讃,讚,,,
讅,谉,,,
讆,讏,,,
變,,変变,变,
讋,詟,,詟,
讌,燕,宴,䜩,
讍,,諤,,
讎,,讐仇,雠,
讏,讆,,,
讐,,仇讎,,
讒,,,谗,
讓,譲,,让,
讕,,,谰,
讖,,,谶,
讘,,囁,,
讙,,,,
讚,讃,,,
讜,,,谠,
讞,,,谳,
讠,言,,,訁
计,,,,計
订,,,,訂
讣,,,,訃
认,,,,認
讥,,,,譏
讦,,,,訐
讧,,,,訌
讨,,,,討
让,,,,讓
讪,,,,訕
讫,,,,訖
讬,,,,託
训,,,,訓
议,,,,議
讯,,,,訊
记,,,,記
讱,,,,訒
讲,,,,講
讳,,,,諱
讴,,,,謳
讵,,,,詎
讶,,,,訝
讷,,,,訥
许,,,,許
讹,,,,訛
论,,,,論
讻,,,,訩
讼,,,,訟
讽,,,,諷
设,,,,設
访,,,,訪
诀,,,,訣
证,,,,證
诂,,,,詁
诃,呵,,,訶
评,,,,評
诅,,,,詛
识,,,,識
诇,,,,詗
诈,,,,詐
诉,,,,訴
诊,,,,診
诋,,,,詆
诌,,,,謅
词,,,,詞
诎,,,,詘
诏,,,,詔
诐,,,,詖
译,,,,譯
诒,,,,詒
诓,,,,誆
诔,,,,誄
试,,,,試
诖,,,,詿
诗,,,,詩
诘,,,,詰
诙,,,,詼
诚,,,,誠
诛,,,,誅
诜,,,,詵
话,,,,話
诞,,,,誕
诟,,,,詬
诠,,,,詮
诡,,,,詭
询,,,,詢
诣,,,,詣
诤,,,,諍
该,,,,該
详,,,,詳
诧,,,,詫
诨,,,,諢
诩,,,,詡
诪,,,,譸
诫,,,,誡
诬,,,,誣
语,,,,語
诮,,,,誚
误,,,,誤
诰,,,,誥
诱,,,,誘
诲,,,,誨
诳,,,,誑
说,,,,說
诵,,,,誦
诶,唉,,,誒
请,,,,請
诸,,,,諸
诹,,,,諏
诺,,,,諾
读,,,,讀
诼,,,,諑
诽,,,,誹
课,,,,課
诿,,,,諉
谀,,,,諛
谁,,,,誰
谂,,,,諗
调,,,,調
谄,,,,諂
谅,,,,諒
谆,,,,諄
谇,,,,誶
谈,,,,談
谉,讅,,,
谊,,,,誼
谋,,,,謀
谌,,,,諶
谍,,,,諜
谎,,,,謊
谏,,,,諫
谐,,,,諧
谑,,,,謔
谒,,,,謁
谓,,,,謂
谔,,,,諤
谕,,,,諭
谖,,,,諼
谗,,,,讒
谘,,咨,,諮
谙,,,,諳
谚,,,,諺
谛,,,,諦
谜,,,,謎
谝,,,,諞
谞,,,,諝
谟,,,,謨
谠,,,,讜
谡,,,,謖
谢,,,,謝
谣,謠,,,謠
谤,,,,謗
谥,,,,謚
谦,,,,謙
谧,,,,謐
谨,,,,謹
谩,,,,謾
谪,,,,謫
谫,謭,,,譾
谬,,,,謬
谭,,,,譚
谮,,,,譖
谯,,,,譙
谰,,,,讕
谱,,,,譜
谲,,,,譎
谳,,,,讞
谴,,,,譴
谵,,,,譫
谶,,,,讖
谷,,,,穀
谿,,嵠,,
豆,,荳,,
豇,,䜶,,
豈,,,岂,
豊,,豐,,
豋,,登,,
豎,竪,,竖,
豐,,豊,丰,
豓,,豔艶,,
豔,,豓艶,艳,
豘,,豚,,
豚,,豘,,
豜,豣,,,
豝,,羓,,
象,,,,
豣,豜,,,
豫,,預,,
豬,,猪,猪,
豮,,,,豶
豳,,邠㟗,,
豴,,蹢,,
豵,,䝋,,
豶,,,豮,
豸,,廌,,
豺,,犲,,
豻,,犴,,
貉,狢,,,
貊,貘,,,
貌,皃,,,
貍,,狸,,
貎,,皃,,
貓,,猫,猫,
貘,貊,,,
貙,,,䝙,
貛,,獾,,
貝,,,贝,
貞,,,贞,
貟,,,贠,
負,,,负,
財,,㒲,财,
貢,,,贡,
貧,,,贫,
貨,,,货,
販,,𧶶,贩,
貪,,,贪,
貫,,,贯,
責,,,责,
貭,質,,,
貮,,二,,
貯,,,贮,
貰,,,贳,
貲,,,赀,
貳,,弍二,贰,
貴,,,贵,
貶,,,贬,
買,,,买,
貸,,,贷,
貺,,,贶,
費,,,费,
貼,,,贴,
貽,,,贻,
貿,,,贸,
賀,,,贺,
賁,,,贲,
賂,,,赂,
賃,,,赁,
賄,,,贿,
賅,,侅,赅,
資,,,资,
賈,,,贾,
賉,卹恤,,,
賊,戝,,贼,
賍,,贓贜,,
賑,,,赈,
賒,,,赊,
賓,賔,,宾,
賔,賓,,,
賕,,,赇,
賙,,,赒,
賚,,,赉,
賛,贊,,,
賜,,,赐,
賞,,,赏,
賟,,,𧹖,
賠,,,赔,
賡,,,赓,
賢,,贒,贤,
賣,売,,卖,
賤,,,贱,
賦,,,赋,
賧,,,赕,
質,貭,,质,
賫,,齎,,
賬,,帳,账,
賭,,,赌,
賮,,贐,,
賰,,,䞐,
賴,頼,,赖,
賵,,,赗,
賸,剩,,,
賺,,贃,赚,
賻,,,赙,
購,,,购,
賽,,,赛,
賾,,,赜,
贃,,賺𧸖,𧹗,
贄,,,贽,
贅,,,赘,
贇,,,赟,
贈,,,赠,
贊,賛,,赞,
贋,贗,,赝,
贍,,,赡,
贏,,,赢,
贐,,賮,赆,
贒,,賢,,
贓,賍贜,,赃,
贔,,,赑,
贖,,,赎,
贗,贋,,赝,
贛,,,赣,
贜,贓賍,,,
贝,,,,貝
贞,,,,貞
负,,,,負
贠,,,,貟
贡,,,,貢
财,,,,財
责,,,,責
贤,,,,賢
败,,,,敗
账,帳,,,賬
货,,,,貨
质,,,,質
贩,,,,販
贪,,,,貪
贫,,,,貧
贬,,,,貶
购,,,,購
贮,,,,貯
贯,,,,貫
贰,,,,貳
贱,,,,賤
贲,,,,賁
贳,,,,貰
贴,,,,貼
贵,,,,貴
贶,,,,貺
贷,,,,貸
贸,,,,貿
费,,,,費
贺,,,,賀
贻,,,,貽
贼,,,,賊
贽,,,,贄
贾,,,,賈
贿,,,,賄
赀,,,,貲
赁,,,,賃
赂,,,,賂
赃,,,,贓
资,,,,資
赅,,,,賅
赆,,,,贐
赇,,,,賕
赈,,,,賑
赉,,,,賚
赊,,,,賒
赋,,,,賦
赌,,,,賭
赍,,,,齎
赎,,,,贖
赏,,,,賞
赐,,,,賜
赑,,,,贔
赒,,,,賙
赓,,,,賡
赔,,,,賠
赕,,,,賧
赖,,,,賴
赗,,,,賵
赘,,,,贅
赙,,,,賻
赚,,,,賺
赛,,,,賽
赜,,,,賾
赝,贋,,,贗
赞,,,,贊
赟,,,,贇
赠,,,,贈
赡,,,,贍
赢,,,,贏
赣,,,,贛
赤,,𤆍,,
赪,,,,赬
赬,,䞓,赪,
走,赱,,,
赱,走,,,
赵,,,,趙
赶,,趕,,趕
趁,趂,,,
趂,趁,,,
趄,,跙,,
趋,,趨,,趨
趒,,跳,,
趕,,赶,赶,
趙,,,赵,
趨,,趋,趋,
趮,,躁,,
趯,,躍,,
趱,,,,趲
趲,,,趱,
趸,,,,躉
跃,,,,躍
跄,,,,蹌
跐,,,,
跖,,蹠,,
跙,,趄,,
跞,,,,躒
跡,,迹蹟,迹,
跥,跺,,,
路,,,,
跳,,趒,,
跴,,踹,,
践,,,,踐
跶,,,,躂
跷,,,,蹺
跸,,,,蹕
跹,,,,躚
跺,跥,,,
跻,,,,躋
踁,,硜,,
踊,,踴,,踴
踌,,,,躊
踏,,蹋,,
踐,,,践,
踦,,,,
踨,蹤,,,
踪,,蹤,,蹤
踬,,,,躓
踭,,㬹,,
踯,,,,躑
踰,,逾,,
踴,,踊,踊,
踵,,歱,,
踹,,跴,,
踽,,偊,,
蹄,,蹏,,
蹋,,蹹踏,,
蹌,,牄,跄,
蹏,,蹄,,
蹑,,,,躡
蹒,,,,蹣
蹕,,,跸,
蹝,,屣躧,,
蹟,,跡迹,迹,
蹠,,跖,,
蹢,,豴,,
蹣,,,蹒,
蹤,踨,踪,踪,
蹧,,遭,,
蹭,,,,
蹮,,躚,,
蹯,番,,,
蹰,,,,躕
蹴,,蹵,,
蹵,,蹴,,
蹶,,,,
蹷,,,,
蹹,,蹋,,
蹺,屩,蹻,跷,
蹻,,蹺,𫏋,
蹿,,,,躥
躁,,趮,,
躂,,,跶,
躅,,䠱,,
躉,,,趸,
躊,,,踌,
躋,,隮,跻,
躍,,趯,跃,
躎,,,䟢,
躏,,,,躪
躑,,,踯,
躒,,,跞,
躓,,,踬,
躕,,,蹰,
躗,躛,,,
躚,,蹮,跹,
躛,躗,,,
躜,,,,躦
躝,,,𨅬,
躡,,,蹑,
躥,,,蹿,
躦,,,躜,
躧,,屣蹝,,
躪,,,躏,
躬,,躳,,
躭,耽,眈,,
躯,,,,軀
躰,骵體軆,,,
躱,躲,,,
躲,躱,,,
躳,,躬,,
躶,,裸,,
躷,,矮,,
軀,,,躯,
軄,,職,,
軆,躰骵體,体,,
軉,,,𨉗,
車,,,车,
軋,,,轧,
軌,,,轨,
軍,,,军,
軏,,,𫐄,
軑,,,轪,
軒,,,轩,
軔,,,轫,
軗,,,𨐅,
軛,,,轭,
軟,,輭,软,
転,轉,,,
軣,轟,,,
軤,,,轷,
軨,,,𫐉,
軫,,,轸,
軰,,輩,,
軲,,,轱,
軸,,,轴,
軹,,,轵,
軺,,𨍳,轺,
軻,,,轲,
軼,,,轶,
軽,輕,,,
軾,,,轼,
軿,輧,,,
較,,,较,
輄,,,𨐈,
輅,,,辂,
輇,,,辁,
輈,,,辀,
載,,,载,
輊,,,轾,
輌,輛,,,
輒,,輙,辄,
輓,,,挽,
輔,,,辅,
輕,軽,,轻,
輗,,,𫐐,
輙,,輒,,
輛,輌,,辆,
輜,,,辎,
輝,,煇,辉,
輞,,,辋,
輟,,,辍,
輥,,,辊,
輦,,,辇,
輧,軿,,,
輩,,軰,辈,
輪,,,轮,
輬,,,辌,
輭,,軟,,
輮,,,𫐓,
輯,,,辑,
輳,,,辏,
輵,,轕,,
輸,,,输,
輻,,,辐,
輼,轀,,,
輾,,,辗,
輿,,轝,舆,
轀,輼,,辒,
轂,,,毂,
轄,,鎋,辖,
轅,,,辕,
轆,,樚,辘,
轉,転,,转,
轍,,,辙,
轎,,,轿,
轔,,,辚,
轕,,輵,,
轗,,㙳,,
轝,,輿,,
轟,軣,,轰,
轡,,,辔,
轢,,,轹,
轣,,,𫐆,
轤,,,轳,
车,,,,車
轧,,,,軋
轨,,,,軌
轩,,,,軒
轪,,,,軑
轫,,,,軔
转,,,,轉
轭,,,,軛
轮,,,,輪
软,,,,軟
轰,,,,轟
轱,,,,軲
轲,,,,軻
轳,,,,轤
轴,,,,軸
轵,,,,軹
轶,,,,軼
轷,,,,軤
轸,,,,軫
轹,,,,轢
轺,,,,軺
轻,,,,輕
轼,,,,軾
载,,,,載
轾,,,,輊
轿,,,,轎
辀,,,,輈
辁,,,,輇
辂,,,,輅
较,,,,較
辄,,,,輒
辅,,,,輔
辆,,,,輛
辇,,,,輦
辈,,,,輩
辉,,,,輝
辊,,,,輥
辋,,,,輞
辌,,,,輬
辍,,,,輟
辎,,,,輜
辏,,,,輳
辐,,,,輻
辑,,,,輯
辒,,,,轀
输,,,,輸
辔,,,,轡
辕,,,,轅
辖,,,,轄
辗,,,,輾
辘,,,,轆
辙,,,,轍
辚,,,,轔
辞,,辭辤,,辭
辟,避,,,
辠,罪,,,
辢,辣,,,
辣,辢,,,
辤,,辭辞,,
辦,,办,办,
辧,弁辨,,,
辨,弁辧,辯,,
辩,,,,辯
辫,,,,辮
辭,,辤辞,辞,
辮,,,辫,
辯,,辨,辩,
辰,,,,
農,,莀,农,
辵,,辶,,
辶,,辵,,
边,,邊,,邊
辺,邉邊,,,
辽,,,,遼
达,,,,達
迁,,遷,,遷
迂,遇,,,
迆,,,,
过,,過,,過
迈,,,,邁
迊,,帀匝,,
运,,,,運
迕,,忤,,
还,,還,,還
这,,這,,這
进,,,,進
远,,,,遠
违,,,,違
连,,,,連
迟,,,,遲
迤,,,,
迥,逈,,,
迨,,逮,,
迩,,邇,,邇
迪,,廸,,
迫,,廹,,
迬,,,,
迭,,疊,,
迯,逃,,,
迳,徑,,,逕
迴,回,廻,,
迹,,跡蹟,,跡
迺,,乃廼,,
迻,,移,,
适,,,,適
逃,迯,,,
逈,迥,,,
选,,,,選
逊,,,,遜
递,,,,遞
逓,遞,,,
逕,徑,,迳,
逖,,逷,,
這,,这,这,
逞,,,,
速,,,,
連,,,连,
逥,回,,,
逦,,,,邐
逩,奔,,,
逮,,迨,,
逰,逰,游,,
週,,周,,
進,,,进,
逷,,逖,,
逸,,,,
逹,達,,,
逺,遠,,,
逻,,,,邏
逼,,偪,,
逾,,踰,,
逿,,,,
遅,遲遟,,,
遇,迂,,,
遊,,游,,
運,,,运,
遍,,徧,,
過,,过,过,
遑,徨,,,
達,逹,,达,
違,,,违,
遗,,,,遺
遙,,,遥,
遜,,愻,逊,
遞,逓,,递,
遟,遲遅,,,
遠,逺,,远,
遡,泝溯,,,
遥,,,,遙
適,,,适,
遭,,蹧,,
遲,遅遟,,迟,
遶,,繞,,
遷,,迁,迁,
選,,,选,
遺,,,遗,
遼,,,辽,
避,辟,,,
邁,,,迈,
還,,还,还,
邅,,㣶,,
邇,,迩,迩,
邉,邊辺,,,
邊,邉辺,,边,
邏,,,逻,
邐,,,逦,
邑,,,,
邓,,,,鄧
邕,,𪪝雍,,
邝,,,,鄺
邠,,豳㟗,,
邢,郉,,,
邨,,村,,
邬,,,,鄔
邮,,,,郵
邹,,,,鄒
邺,,,,鄴
邻,,,,鄰
郁,,喐,,鬱
郄,隙,郤,,
郅,胝,,,
郉,邢,,,
郎,郞,,,
郏,,,,郟
郐,,,,鄶
郑,,,,鄭
郓,,,,鄆
郞,郎,,,
郟,,,郏,
郤,,郄,,
郦,,,,酈
郧,,,,鄖
部,卩,,,
郰,,鄹,,
郵,,,邮,
郷,鄉鄕,,,
郸,,,,鄲
都,,,,
鄆,,,郓,
鄉,鄕郷,,乡,
鄒,,,邹,
鄔,,塢,邬,
鄕,鄉郷,,,
鄖,,,郧,
鄧,,,邓,
鄭,,,郑,
鄰,隣,,邻,
鄲,,,郸,
鄴,,,邺,
鄶,,,郐,
鄷,酆,,,
鄹,,郰,,
鄺,,,邝,
酂,,,,酇
酆,鄷,,,
酇,,,酂,
酈,,,郦,
酉,丣,,,
酋,,,,
酔,醉,,,
酖,,鴆,,
酝,醖醞,,,醞
酢,醋,,,
酦,,,,醱
酧,酬詶,,,
酪,,,,
酬,醻酧詶,,,
酱,,,,醬
酹,,,,
酽,,,,釅
酾,,,,釃
酿,,,,釀
醃,,,,
醇,,䣩,,
醉,酔,,,
醊,,餟,,
醋,酢,,,
醑,,,,
醒,,,,
醖,酝醞,,,
醗,醱,,,
醜,,,丑,
醞,酝醖,,酝,
醡,,榨,,
醤,醬,,,
醩,,糟,,
醫,,医,医,
醬,醤,,酱,
醱,醗,,酦,
醴,,,,
醸,釀,,,
醻,酬酧,,,
醼,燕,,,
釀,醸,,酿,
釁,,衅,衅,
釃,,,酾,
釅,,,酽,
釆,采,,,
采,釆,,,採埰
釈,釋,,,
释,,,,釋
釋,釈,,释,
里,,,,裡
野,埜,,,
量,,,,
釐,,厘,厘,
金,钅,釒,,
釒,,金,钅,
釓,,,钆,
釔,,,钇,
釕,,,钌,
釖,劍,,,
釗,,,钊,
釘,,,钉,
釙,,,钋,
釜,釡,,,
針,,箴鍼,针,
釡,釜,,,
釣,,,钓,
釤,,,钐,
釧,,,钏,
釩,,,钒,
釬,,銲,,
釳,,,𨰿,
釵,,,钗,
釷,,,钍,
釹,,,钕,
釺,,,钎,
釼,劍,,,
釾,,,䥺,
鈀,,耙,钯,
鈁,,,钫,
鈃,,,钘,
鈄,,,钭,
鈆,,鉛,,
鈇,,,𫓧,
鈈,,,钚,
鈉,,,钠,
鈋,,,𨱂,
鈍,,,钝,
鈎,鉤,,,
鈐,,,钤,
鈑,,,钣,
鈒,,,钑,
鈔,,,钞,
鈕,,,钮,
鈞,,銁,钧,
鈠,,,𨱁,
鈡,钟鍾,,,
鈣,,,钙,
鈥,,,钬,
鈦,,,钛,
鈧,,,钪,
鈬,鐸,,,
鈮,,,铌,
鈯,,,𨱄,
鈰,,,铈,
鈲,,,𨱃,
鈳,,,钶,
鈴,,,铃,
鈷,,,钴,
鈸,,,钹,
鈹,,,铍,
鈺,,,钰,
鈽,,,钸,
鈾,,,铀,
鈿,,,钿,
鉀,,,钾,
鉁,,,𨱅,
鉄,,銕鐵,,
鉅,巨,,钜,
鉆,,鑽鉗,,
鉈,,砣𥓿,铊,
鉉,,,铉,
鉋,,刨,铇,
鉍,,,铋,
鉏,,鋤,,
鉑,,,铂,
鉕,,,钷,
鉗,箝,鉆,钳,
鉚,,,铆,
鉛,,鈆,铅,
鉞,,戉,钺,
鉢,,缽,,
鉤,鈎,,钩,
鉦,,,钲,
鉬,,,钼,
鉭,,,钽,
鉱,礦,,,
鉴,,,,鑒
鉶,,,铏,
鉸,,,铰,
鉺,,,铒,
鉻,,,铬,
鉿,,,铪,
銀,,,银,
銁,,鈞,,
銃,,,铳,
銅,,,铜,
銍,,,铚,
銑,,,铣,
銓,,,铨,
銕,鐡鐵,鐵鉄,,
銖,,,铢,
銘,,,铭,
銚,,,铫,
銛,,,铦,
銜,,㘅,衔,
銠,,,铑,
銣,,,铷,
銥,,,铱,
銦,,,铟,
銨,,,铵,
銩,,,铥,
銪,,,铕,
銫,,,铯,
銬,,,铐,
銭,錢,,,
銮,,,,鑾
銱,,,铞,
銲,,釬,,
銳,锐鋭,,锐,
銶,,,𨱇,
銷,,,销,
銹,,鏥鏽,,
銻,,,锑,
銼,,,锉,
鋁,,,铝,
鋃,,,锒,
鋄,錽,,,
鋅,,,锌,
鋇,,,钡,
鋉,,,𨱈,
鋌,,,铤,
鋏,,,铗,
鋑,,鐫鑴,,
鋒,,,锋,
鋙,,,铻,
鋝,,,锊,
鋟,,,锓,
鋣,,,铘,
鋤,耡,鉏,锄,
鋥,,,锃,
鋦,,,锔,
鋨,,,锇,
鋩,,,铓,
鋪,,舗舖,铺,
鋭,銳,,,
鋮,,,铖,
鋯,,,锆,
鋰,,,锂,
鋱,,,铽,
鋳,鑄,,,
鋶,,,锍,
鋸,,,锯,
鋼,,,钢,
錁,,,锞,
錂,,,𨱋,
錄,録录,,录,
錆,,,锖,
錇,,,锫,
錈,,,锩,
錋,镚,,,
錏,,,铔,
錐,,,锥,
錒,,,锕,
錕,,,锟,
錘,,鎚,锤,
錙,,,锱,
錚,,,铮,
錛,,,锛,
錟,,,锬,
錠,,,锭,
錡,,,锜,
錢,銭,,钱,
錦,,,锦,
錨,,,锚,
錩,,,锠,
錫,,,锡,
錬,煉,,,
錮,,,锢,
錯,,,错,
録,录錄,,,
錳,,,锰,
錶,,,表,
錸,,,铼,
錽,鋄,,,
錾,,,,鏨
鍀,,,锝,
鍃,,,锪,
鍄,,,𨱉,
鍆,,,钔,
鍇,,,锴,
鍈,,,锳,
鍉,,匙,,
鍊,,,,
鍋,,,锅,
鍍,,,镀,
鍔,,,锷,
鍘,,,铡,
鍚,,,钖,
鍛,,煅,锻,
鍜,,煆,,
鍠,,,锽,
鍤,,,锸,
鍥,,,锲,
鍩,,,锘,
鍫,,鍬,,
鍬,,鍫,锹,
鍮,,,𨱎,
鍰,,鐶,锾,
鍵,,,键,
鍶,,,锶,
鍺,,,锗,
鍼,,針箴,,
鍾,鈡鐘钟,,锺钟,
鎂,,,镁,
鎄,,,锿,
鎇,,,镅,
鎊,,,镑,
鎋,,轄,,
鎌,,鐮,,
鎏,,鏐,,
鎒,,耨,,
鎔,,熔,镕,
鎖,鏁鎻,,锁,
鎘,,,镉,
鎙,,槊,,
鎚,,錘,,
鎛,,,镈,
鎝,,,𨱏,
鎡,,,镃,
鎢,,,钨,
鎣,,,蓥,
鎦,,,镏,
鎧,,,铠,
鎩,,,铩,
鎪,,,锼,
鎬,,,镐,
鎭,鎮,,,
鎮,鎭,,镇,
鎯,,,𨱍,
鎰,,,镒,
鎲,,,镋,
鎳,,,镍,
鎵,,,镓,
鎷,,,𨰾,
鎻,鎖鏁,,,
鎿,,,镎,
鏁,鎖鎻,,,
鏃,,,镞,
鏆,,,𨱌,
鏇,,,镟,
鏈,,,链,
鏉,,,𨱒,
鏌,,,镆,
鏍,,,镙,
鏐,,鎏,镠,
鏑,,,镝,
鏗,,,铿,
鏘,,,锵,
鏜,,,镗,
鏝,,,镘,
鏞,,,镛,
鏟,剷剗,,铲,
鏡,,,镜,
鏢,,鑣,镖,
鏤,,,镂,
鏥,,銹鏽,,
鏦,,,𫓩,
鏨,,,錾,
鏰,,斆,镚,
鏵,,,铧,
鏷,,,镤,
鏹,,,镪,
鏺,,,䥽,
鏽,銹鏥,,锈,
鏾,,𠜎,,
鐀,,櫃,,
鐃,,,铙,
鐄,,,𨱑,
鐋,,,铴,
鐍,,,𫔎,
鐎,,,𨱓,
鐏,,,𨱔,
鐐,,,镣,
鐒,,,铹,
鐓,,,镦,
鐔,,,镡,
鐘,鍾,,钟,
鐙,,,镫,
鐠,,,镨,
鐡,銕鐵,,,
鐥,,,䦅,
鐦,,,锎,
鐧,,,锏,
鐨,,,镄,
鐫,,鋑鑴,镌,
鐮,劆,鎌,镰,
鐯,,,䦃,
鐲,,,镯,
鐳,,,镭,
鐵,鐡銕,銕鉄,铁,
鐶,,鍰,镮,
鐸,鈬,,铎,
鐺,,,铛,
鐿,,,镱,
鑄,鋳,,铸,
鑊,,,镬,
鑌,,,镔,
鑑,鑒,,,
鑒,鑑,,鉴,
鑔,,,镲,
鑕,,,锧,
鑚,,鑽,,
鑛,礦,,,
鑞,,,镴,
鑠,,,铄,
鑢,,䥨,,
鑣,,鏢,镳,
鑥,,,镥,
鑭,,,镧,
鑰,,,钥,
鑱,,,镵,
鑲,,,镶,
鑴,,鋑鐫,,
鑵,罐,,,
鑷,,,镊,
鑹,,,镩,
鑼,,,锣,
鑽,,鑚鉆,钻,
鑾,,,銮,
鑿,,,凿,
钁,,,镢,
钂,镋,,,
钅,金,,,釒
钆,,,,釓
钇,,,,釔
针,,,,針
钉,,,,釘
钊,,,,釗
钋,,,,釙
钌,,,,釕
钍,,,,釷
钎,,,,釺
钏,,,,釧
钐,,,,釤
钑,,,,鈒
钒,,,,釩
钓,,,,釣
钔,,,,鍆
钕,,,,釹
钖,锡,,,鍚
钗,,,,釵
钘,,,,鈃
钙,,,,鈣
钚,,,,鈈
钛,,,,鈦
钜,巨,,,鉅
钝,,,,鈍
钞,,,,鈔
钟,鈡鍾,,,鐘鍾
钠,,,,鈉
钡,,,,鋇
钢,,,,鋼
钣,,,,鈑
钤,,,,鈐
钥,,,,鑰
钦,,,,欽
钧,,,,鈞
钨,,,,鎢
钩,鉤,,,鉤
钪,,,,鈧
钫,,,,鈁
钬,,,,鈥
钭,,,,鈄
钮,,,,鈕
钯,,,,鈀
钰,,,,鈺
钱,,,,錢
钲,,,,鉦
钳,箝,,,鉗
钴,,,,鈷
钵,缽,,,缽
钶,,,,鈳
钷,,,,鉕
钸,,,,鈽
钹,,,,鈸
钺,,,,鉞
钻,,,,鑽
钼,,,,鉬
钽,,,,鉭
钾,,,,鉀
钿,,,,鈿
铀,,,,鈾
铁,,,,鐵
铂,,,,鉑
铃,,,,鈴
铄,,,,鑠
铅,,,,鉛
铆,,,,鉚
铇,,,,鉋
铈,,,,鈰
铉,,,,鉉
铊,,,,鉈
铋,,,,鉍
铌,,,,鈮
铍,,,,鈹
铎,,,,鐸
铏,,,,鉶
铐,,,,銬
铑,,,,銠
铒,,,,鉺
铓,,,,鋩
铔,,,,錏
铕,,,,銪
铖,,,,鋮
铗,,,,鋏
铘,,,,鋣
铙,,,,鐃
铚,,,,銍
铛,,,,鐺
铜,,,,銅
铝,,,,鋁
铞,,,,銱
铟,,,,銦
铠,,,,鎧
铡,,,,鍘
铢,,,,銖
铣,,,,銑
铤,,,,鋌
铥,,,,銩
铦,,,,銛
铧,,,,鏵
铨,,,,銓
铩,,,,鎩
铪,,,,鉿
铫,,,,銚
铬,,,,鉻
铭,,,,銘
铮,,,,錚
铯,,,,銫
铰,,,,鉸
铱,,,,銥
铲,,,,鏟
铳,,,,銃
铴,,,,鐋
铵,,,,銨
银,,,,銀
铷,,,,銣
铸,,,,鑄
铹,,,,鐒
铺,,,,鋪
铻,,,,鋙
铼,,,,錸
铽,,,,鋱
链,,,,鏈
铿,,,,鏗
销,,,,銷
锁,,,,鎖
锂,,,,鋰
锃,,,,鋥
锄,,,,鋤
锅,,,,鍋
锆,,,,鋯
锇,,,,鋨
锈,鏽,,,鏽
锉,,,,銼
锊,,,,鋝
锋,,,,鋒
锌,,,,鋅
锍,,,,鋶
锎,,,,鐦
锏,,,,鐧
锐,銳,,,銳
锑,,,,銻
锒,,,,鋃
锓,,,,鋟
锔,,,,鋦
锕,,,,錒
锖,,,,錆
锗,,,,鍺
锘,,,,鍩
错,,,,錯
锚,,,,錨
锛,,,,錛
锜,,,,錡
锝,,,,鍀
锞,,,,錁
锟,,,,錕
锠,,,,錩
锡,钖,,,錫
锢,,,,錮
锣,,,,鑼
锤,,,,錘
锥,,,,錐
锦,,,,錦
锧,,,,鑕
锨,,,,杴
锩,,,,錈
锪,,,,鍃
锫,,,,錇
锬,,,,錟
锭,,,,錠
键,,,,鍵
锯,,,,鋸
锰,,,,錳
锱,,,,錙
锲,,,,鍥
锳,,,,鍈
锴,,,,鍇
锵,,,,鏘
锶,,,,鍶
锷,,,,鍔
锸,,,,鍤
锹,,,,鍬
锺,,,,鍾
锻,,,,鍛
锼,,,,鎪
锽,,,,鍠
锾,,,,鍰
锿,,,,鎄
镀,,,,鍍
镁,,,,鎂
镂,,,,鏤
镃,,,,鎡
镄,,,,鐨
镅,,,,鎇
镆,,,,鏌
镇,,,,鎮
镈,,,,鎛
镉,,,,鎘
镊,,,,鑷
镋,钂,,,鎲
镌,,,,鐫
镍,,,,鎳
镎,,,,鎿
镏,,,,鎦
镐,,,,鎬
镑,,,,鎊
镒,,,,鎰
镓,,,,鎵
镔,,,,鑌
镕,,,,鎔
镖,,,,鏢
镗,,,,鏜
镘,,,,鏝
镙,,,,鏍
镚,錋,,,鏰
镛,,,,鏞
镜,,,,鏡
镝,,,,鏑
镞,,,,鏃
镟,,,,鏇
镠,,,,鏐
镡,,,,鐔
镢,,,,钁
镣,,,,鐐
镤,,,,鏷
镥,,,,鑥
镦,,,,鐓
镧,,,,鑭
镨,,,,鐠
镩,,,,鑹
镪,,,,鏹
镫,,,,鐙
镬,,,,鑊
镭,,,,鐳
镮,,,,鐶
镯,,,,鐲
镰,,,,鐮
镱,,,,鐿
镲,,,,鑔
镳,,,,鑣
镴,,,,鑞
镵,,,,鑱
镶,,,,鑲
長,,,长,
长,,,,長
門,,门,门,
閂,,,闩,
閃,,,闪,
閆,,閻,闫,
閇,閉,,,
閈,,,闬,
閉,閇,,闭,
開,,,开,
閌,,,闶,
閍,,,𨸂,
閎,,,闳,
閏,,,闰,
閐,,,𨸃,
閑,,,闲,
閒,,,,
間,,,间,
閔,,,闵,
閘,,,闸,
閙,鬧,,,
閡,,,阂,
関,關闗,,,
閣,,,阁,
閤,合闔阖,,,
閥,,,阀,
閧,哄,鬨,,
閨,,,闺,
閩,,,闽,
閫,,,阃,
閬,,,阆,
閭,,,闾,
閱,閲阅,,阅,
閲,閱,,,
閶,,,阊,
閹,,剦,阉,
閻,闫,閆,阎,
閼,,,阏,
閽,,,阍,
閾,,,阈,
閿,,,阌,
闃,,,阒,
闆,,,板,
闇,暗,,,
闈,,,闱,
闊,濶,,阔,
闋,,,阕,
闌,,,阑,
闍,,,阇,
闐,,,阗,
闒,,,阘,
闓,,,闿,
闔,閤,,阖,
闕,,,阙,
闖,,,闯,
闗,関關,,,
闘,鬥鬬,,,
關,関闗,,关,
闞,,,阚,
闠,,,阓,
闡,,,阐,
闤,,,阛,
闥,,,闼,
门,,門,,門
闩,,,,閂
闪,,,,閃
闫,閻,,,閆
闬,,,,閈
闭,,,,閉
问,,,,問
闯,,,,闖
闰,,,,閏
闱,,,,闈
闲,,,,閑
闳,,,,閎
间,,,,間
闵,,,,閔
闶,,,,閌
闷,,,,悶
闸,,,,閘
闹,,,,鬧
闺,,,,閨
闻,,,,聞
闼,,,,闥
闽,,,,閩
闾,,,,閭
闿,,,,闓
阀,,,,閥
阁,,,,閣
阂,,,,閡
阃,,,,閫
阄,,,,鬮
阅,閱,,,閱
阆,,,,閬
阇,,,,闍
阈,,,,閾
阉,,,,閹
阊,,,,閶
阋,,,,鬩
阌,,,,閿
阍,,,,閽
阎,,,,閻
阏,,,,閼
阐,,,,闡
阑,,,,闌
阒,,,,闃
阓,,,,闠
阔,,,,闊
阕,,,,闋
阖,閤,,,闔
阗,,,,闐
阘,,,,闒
阙,,,,闕
阚,,,,闞
阛,,,,闤
阜,,,,
阝,,,,
队,,,,隊
阡,,仟,,
阧,,陡,,
阨,厄,阸,,
阪,,,坂,
阬,坑,,,
阮,,,,
阯,址,,,
阱,穽,,,
阳,,,,陽
阴,,,,陰
阵,,,,陣
阶,,,,階
阸,,阨,,
阿,,,,
陀,,陁,,
陁,,陀,,
际,,,,際
陆,,,,陸
陇,,,,隴
陈,,,,陳
陉,,,,陘
陋,,,,
降,,夅,,
陏,隋,,,
陔,垓,,,
陕,,,,陝
陗,,峭,,
陘,,,陉,
陜,陝,狹,,
陝,陜,,陕,
陞,升,,,
陡,,阧,,
陣,,𨸬,阵,
陥,陷,,,
陧,,,,隉
陨,,,,隕
险,,,,險
陰,,隂阴,阴,
陳,,,陈,
陵,,,,
陶,,匋,,
陷,陥,,,
陸,,,陆,
険,險礆,,,
陻,,堙垔,,
陼,,渚,,
陽,昜,阳氜,阳,
隂,,陰,,
隄,,堤,,
隆,,,,
隈,,渨,,
隉,,,陧,
隊,,,队,
隋,陏,,,
隍,,堭,,
階,堦,,阶,
随,,,,隨
隐,,隠,,隱
隕,殒殞,磒,陨,
隖,,塢,,
隙,郄,,,
際,,,际,
隝,,塢,,
隠,隱,隐,,
隣,鄰,,,
隤,,墤,,
隧,,𡑞,,
隨,,,随,
隩,,𡒃,,
險,険礆,,险,
隮,,躋,,
隱,隠,乚,隐,
隲,,騭,,
隴,,,陇,
隶,,,,隸
隷,隸,,,
隸,隷,,隶,
隻,,,只,
隼,,鵻鶽,,
隽,,雋,,雋
难,,難,,難
雁,鴈鳫,,,
集,,亼,,
雇,,僱,,
雋,,隽,隽,
雍,,𪪝邕,,
雏,,,,雛
雑,雜,,,
雕,,彫㓮琱,,
雖,,,虽,
雙,,双,双,
雛,,鶵,雏,
雜,雑,襍,杂,
雝,,廱𪪝簌,,
雞,鷄鶏鳮,,鸡,
雠,,,,讎
離,,,离,
難,,难,难,
雨,,,,
雱,,霶,,
雲,,,云,
雳,,,,靂
零,,,,
雷,,,,
電,,,电,
雾,,,,霧
霁,,,,霽
霊,靈,,,
霍,癨,,,
霓,蜺,,,
霜,,孀,,
霡,,霢,,霢
霢,,霡,霡,
霥,,濛,,
霧,,,雾,
霭,,,,靄
霰,,䨘,,
露,,,,
霶,,雱,,
霸,覇,,,
霽,,,霁,
靀,,濛,,
靂,,,雳,
靄,,,霭,
靆,叇,,,
靈,霊,灵,灵,
靉,叆,,,
靑,青,,,
青,靑,,,
靓,,,,靚
靔,靝,,,
靖,,,,
静,,,,靜
靚,靜,,靓,
靜,靚,,静,
靝,靔,天,,
面,,,,麵
靥,,,,靨
靦,,覥,腼,
靧,,頮,,
靨,,,靥,
靭,靱韌,,,
靱,靭韌,,,
靴,,鞾,,
鞀,,鞉鼗,鼗,
鞉,,鞀鼗,,
鞋,,𩋘鞵,,
鞌,鞍,,,
鞍,鞌,,,
鞏,,,巩,
鞑,,,,韃
鞒,橇,,,鞽
鞘,,韒,,
鞙,,琄,,
鞝,,,绱,
鞟,,鞹,,
鞦,,鞧,,
鞧,,鞦,,
鞫,,諊,,
鞯,,,,韉
鞲,,韝,,
鞴,,絥,,
鞵,,鞋,,
鞹,,鞟,,
鞽,,橇,鞒,
鞾,,靴,,
韁,,繮,缰,
韂,,䩞,,
韃,,,鞑,
韈,襪韤,,,
韉,,,鞯,
韋,,,韦,
韌,靱靭,靭肕,韧,
韍,,,韨,
韒,,鞘,,
韓,,,韩,
韙,,,韪,
韜,,弢,韬,
韝,,鞲,,
韞,,,韫,
韤,韈襪,,,
韦,,,,韋
韧,,,,韌
韨,,,,韍
韩,,,,韓
韪,,,,韙
韫,,,,韞
韬,,,,韜
韭,韮,,,
韮,韭,,,
韲,齏,,,
韵,,韻,,韻
韻,,韵,韵,
響,,响,响,
頁,,,页,
頂,,𩠑,顶,
頃,,,顷,
項,,,项,
順,,,顺,
頇,,,顸,
須,须,湏,须,
頉,頤,,,
頊,,,顼,
頋,顧,,,
頌,,,颂,
頎,,,颀,
頏,,,颃,
預,,豫,预,
頑,,,顽,
頒,朌,,颁,
頓,,,顿,
頗,,,颇,
領,,,领,
頚,頸,,,
頜,,,颌,
頟,,額,,
頡,,,颉,
頣,,頤,,
頤,頉,頣,颐,
頦,,,颏,
頫,,俯,,
頬,頰,,,
頭,,,头,
頮,,靧,颒,
頰,頬,,颊,
頲,,,颋,
頴,,穎,颕,
頷,,,颔,
頸,頚,,颈,
頹,颓頽,,颓,
頻,,,频,
頼,,賴,,
頽,頹,,,
顃,,,𩖖,
顆,,,颗,
顋,,腮,,
題,,,题,
額,,頟,额,
顎,,,颚,
顏,顔颜,,颜,
顒,,,颙,
顓,,,颛,
顔,顏,,,
顕,顯,,,
顖,,囟,,
願,,愿,愿,
顙,,,颡,
顚,顛,,,
顛,顚,,颠,
類,,𩔗,类,
顢,,,颟,
顥,,皓皝,颢,
顦,,憔,,
顧,頋,,顾,
顫,,,颤,
顬,,,颥,
顯,顕,,显,
顰,,嚬,颦,
顱,,髗,颅,
顳,,,颞,
顴,,,颧,
页,,,,頁
顶,,,,頂
顷,,,,頃
顸,,,,頇
项,,,,項
顺,,,,順
须,須,,,須鬚
顼,,,,頊
顽,,,,頑
顾,,,,顧
顿,,,,頓
颀,,,,頎
颁,,,,頒
颂,,,,頌
颃,,,,頏
预,,,,預
颅,,,,顱
领,,,,領
颇,,,,頗
颈,,,,頸
颉,,,,頡
颊,,,,頰
颋,,,,頲
颌,,,,頜
颍,,,,潁
颎,,,,熲
颏,,,,頦
颐,,,,頤
频,,,,頻
颒,,,,頮
颓,頹,,,頹
颔,,,,頷
颕,,,,頴
颖,,,,穎
颗,,,,顆
题,,,,題
颙,,,,顒
颚,,,,顎
颛,,,,顓
颜,顏,,,顏
额,,,,額
颞,,,,顳
颟,,,,顢
颠,,,,顛
颡,,,,顙
颢,,,,顥
颣,纇,,,纇
颤,,,,顫
颥,,,,顬
颦,,,,顰
颧,,,,顴
風,凨,,风,
颭,,,飐,
颮,,猋飇,飑,
颯,,,飒,
颰,,,𩙥,
颱,,,台,
颳,,,刮,
颶,,,飓,
颷,,,𩙪,
颸,,,飔,
颺,,,飏,
颻,,,飖,
颼,,䬒,飕,
颾,,,𩙫,
飀,,,飗,
飃,飄,,,
飄,飃,,飘,
飆,,,飙,
飇,,猋颮,,
飈,,,飚,
风,,,,風
飏,,,,颺
飐,,,,颭
飑,,,,颮
飒,,,,颯
飓,,,,颶
飔,,,,颸
飕,,,,颼
飖,,,,颻
飗,,,,飀
飘,,,,飄
飙,,,,飆
飚,,,,飈
飛,,,飞,
飜,翻,,,
飞,,,,飛
食,,,,
飠,,,饣,
飡,,,,
飢,饥,饑,饥,
飣,,,饤,
飤,,飼,,
飥,,,饦,
飦,,饘,,
飨,,,,饗
飩,,,饨,
飪,餁,䏕,饪,
飫,,饇,饫,
飭,,,饬,
飮,飲饮,,,
飯,飰,,饭,
飰,飯,,,
飲,飮,,饮,
飴,,,饴,
飼,,飤,饲,
飽,,,饱,
飾,餝,餙,饰,
飿,,,饳,
餁,飪,,,
餂,,舔,,
餃,,,饺,
餄,,,饸,
餅,餠,,饼,
餉,,饟,饷,
養,,,养,
餌,,,饵,
餍,,,,饜
餎,,,饹,
餏,,,饻,
餐,,,,
餑,,,饽,
餒,,餧,馁,
餓,,,饿,
餔,,,𫗦,
餕,,,馂,
餖,,,饾,
餗,,,𫗧,
餘,馀,,余馀,
餙,,飾,,
餚,,肴,肴,
餛,,餫,馄,
餜,,䴹,馃,
餝,飾,,,
餞,,,饯,
餟,,醊,,
餠,餅,,,
餡,,,馅,
餦,,,𫗠,
餧,,餒喂,,
館,,舘,馆,
餫,,餛,,
餭,,,𫗮,
餱,,糇,糇,
餳,,,饧,
餵,,諉,,
餶,,,馉,
餷,,,馇,
餸,,,𩠌,
餹,糖,,,
餺,,,馎,
餻,,糕,,
餼,,,饩,
餽,饋,,,
餾,,,馏,
餿,,,馊,
饁,,,馌,
饃,,,馍,
饅,,,馒,
饇,,飫,,
饈,,䐰𦟤,馐,
饉,,,馑,
饊,,糤,馓,
饋,餽,,馈,
饌,,籑䉵,馔,
饍,,膳,,
饑,,飢,,
饒,,,饶,
饕,,叨,,
饗,,,飨,
饘,,飦,𫗴,
饜,,,餍,
饞,,嚵,馋,
饟,,餉,,
饢,,,馕,
饣,食,,,飠
饤,,,,飣
饥,飢,,,飢
饦,,,,飥
饧,,,,餳
饨,,,,飩
饩,,,,餼
饪,,,,飪
饫,,,,飫
饬,,,,飭
饭,,,,飯
饮,飮,,,飲
饯,,,,餞
饰,,,,飾
饱,,,,飽
饲,,,,飼
饳,,,,飿
饴,,,,飴
饵,,,,餌
饶,,,,饒
饷,,,,餉
饸,,,,餄
饹,,,,餎
饺,,,,餃
饻,,,,餏
饼,,,,餅
饽,,,,餑
饾,,,,餖
饿,,,,餓
馀,餘,,,餘
馁,,,,餒
馂,,,,餕
馃,,,,餜
馄,,,,餛
馅,,,,餡
馆,,,,館
馇,,,,餷
馈,餽,,,饋
馉,,,,餶
馊,,,,餿
馋,,,,饞
馌,,,,饁
馍,,,,饃
馎,,,,餺
馏,,,,餾
馐,,,,饈
馑,,,,饉
馒,,,,饅
馓,糤,,,饊
馔,,,,饌
馕,,,,饢
馘,,聝,,
馚,,馩,,
馩,,馚,,
馬,,,马,
馭,,御,驭,
馮,,,冯,
馱,駄,䭾,驮,
馳,,,驰,
馴,,,驯,
馹,,,驲,
馿,,驢,,
駁,駮,,驳,
駃,,,𫘝,
駄,馱,,,
駅,驛,,,
駆,駈驅,,,
駈,驅駆,,,
駎,,,𩧨,
駐,,,驻,
駑,,,驽,
駒,,,驹,
駔,,,驵,
駕,,,驾,
駘,,,骀,
駙,,,驸,
駚,,,𩧫,
駛,,𩢲,驶,
駝,駞,,驼,
駞,駝,,,
駟,,,驷,
駡,罵,,,
駢,騈,,骈,
駦,,騰,,
駧,,,𩧲,
駩,,,𩧴,
駪,,侁詵,,
駭,,,骇,
駮,駁,,,
駰,,,骃,
駱,,,骆,
駶,,,𩧺,
駸,,,骎,
駻,,,𫘣,
駿,,,骏,
騁,,,骋,
騂,,,骍,
騃,呆,,𫘤,
騅,,,骓,
騈,駢,,,
騌,鬃騣骔,騣,骔,
騍,,,骒,
騎,,,骑,
騏,,,骐,
騐,,驗,,
騒,騷,,,
験,驗,,,
騔,,,𩨀,
騖,,,骛,
騗,,騙,,
騘,,驄,,
騙,,騗,骗,
騚,,,𩨊,
騝,,,𩨃,
騟,,,𩨈,
騠,,,𫘨,
騣,鬃騌,,骔,
騤,,,骙,
騧,,,䯄,
騨,驒,,,
騪,,,𩨄,
騫,,,骞,
騭,,隲,骘,
騮,,,骝,
騰,,駦,腾,
騶,,,驺,
騷,騒,,骚,
騸,,,骟,
騺,驇,,,
騾,,驘,骡,
驀,,,蓦,
驁,,,骜,
驂,,,骖,
驃,,,骠,
驄,,騘,骢,
驅,駈駆,敺,驱,
驇,騺,,,
驊,,𦽊,骅,
驋,,,𩧯,
驌,,,骕,
驍,,,骁,
驏,,,骣,
驒,騨,,,
驕,,,骄,
驗,験,騐,验,
驘,,騾,,
驚,,,惊,
驛,駅,,驿,
驟,,,骤,
驢,,馿,驴,
驤,,,骧,
驥,,,骥,
驦,,,骦,
驩,,,,
驪,,,骊,
驫,,,骉,
马,,,,馬
驭,,,,馭
驮,,,,馱
驯,,,,馴
驰,,,,馳
驱,,,,驅
驲,,,,馹
驳,,,,駁
驴,,,,驢
驵,,,,駔
驶,,,,駛
驷,,,,駟
驸,,,,駙
驹,,,,駒
驺,,,,騶
驻,,,,駐
驼,,,,駝
驽,,,,駑
驾,,,,駕
驿,,,,驛
骀,,,,駘
骁,,,,驍
骂,罵,,,罵
骃,,,,駰
骄,,,,驕
骅,,,,驊
骆,,,,駱
骇,,,,駭
骈,,,,駢
骉,,,,驫
骊,,,,驪
骋,,,,騁
验,,,,驗
骍,,,,騂
骎,,,,駸
骏,,,,駿
骐,,,,騏
骑,,,,騎
骒,,,,騍
骓,,,,騅
骔,鬃騣騌,,,騌
骕,,,,驌
骖,,,,驂
骗,,,,騙
骘,,,,騭
骙,,,,騤
骚,,,,騷
骛,,,,騖
骜,,,,驁
骝,,,,騮
骞,,,,騫
骟,,,,騸
骠,,,,驃
骡,,,,騾
骢,,,,驄
骣,,,,驏
骤,,,,驟
骥,,,,驥
骦,,,,驦
骧,,,,驤
骪,骫,,,
骫,骪,,,
骯,,,肮,
骴,,胔𦙼,,
骵,躰體軆,,,
骻,,胯,,
骽,,腿,,
骾,,鯁挭,,
髃,,腢,,
髄,膸髓,,,
髅,,,,髏
髋,,,,髖
髌,臏,,,髕
髏,,,髅,
髒,脏,,脏,
髓,膸髄,,,
體,躰骵軆,体,体,
髕,臏,,髌,
髖,,,髋,
髗,臚,顱,,
高,髙,,,
髙,高,,,
髣,仿,彷,,
髥,髯,,,
髦,犛氂牦,,,
髪,髮,,,
髮,髪,,发,
髯,髥,,,
髴,彿,,,
髻,,䯻,,
髼,,鬅,,
鬀,,剃,,
鬂,,鬢,,
鬃,騣骔騌,,,
鬅,,髼,,
鬆,,,松,
鬍,,,胡,
鬒,,㐱,,
鬓,,𩯭,,鬢
鬚,,,须,
鬢,,鬂,鬓,
鬣,,巤,,
鬥,闘鬪鬭鬬鬦,,斗,
鬦,鬥闘鬪鬭鬬,,,
鬧,閙,,闹,
鬨,哄,閧,,
鬩,,,阋,
鬪,鬥闘鬭鬬鬦,,,
鬬,鬥闘鬪鬭鬦,,,
鬭,鬥闘鬪鬬鬦,,,
鬮,䰗,,阄,
鬰,鬱欝,,,
鬱,鬰欝,,郁,
鬶,鬹,,,
鬹,鬶,,,
鬻,粥,,,
魇,,,,魘
魉,,,,魎
魎,,,魉,
魏,,巍,,
魘,,,魇,
魙,,聻,,
魚,,,鱼,
魛,,,鱽,
魟,,鰩,𫚉,
魢,,,鱾,
魥,,,𩽹,
魦,,鯊,,
魨,,,鲀,
魯,,,鲁,
魴,,,鲂,
魷,,鰌,鱿,
魺,,,鲄,
鮁,,,鲅,
鮃,,,鲆,
鮄,,,𫚒,
鮊,,,鲌,
鮋,,,鲉,
鮍,,,鲏,
鮐,,,鲐,
鮑,,,鲍,
鮒,,,鲋,
鮓,,,鲊,
鮚,,,鲒,
鮜,,,鲘,
鮝,,鯗,,
鮞,,,鲕,
鮟,,,𩽾,
鮣,,,䲟,
鮦,,,鲖,
鮧,,鯷,,
鮪,,,鲔,
鮫,,,鲛,
鮭,,,鲑,
鮮,尠尟,鱻,鲜,
鮰,,,𫚔,
鮳,,,鲓,
鮶,,,鲪,
鮸,,,𩾃,
鮺,,,鲝,
鯀,,,鲧,
鯁,,挭骾,鲠,
鯄,,,𩾁,
鯆,,,𫚙,
鯇,,,鲩,
鯉,,,鲤,
鯊,鯋,魦,鲨,
鯋,鯊,,,
鯒,,,鲬,
鯔,,,鲻,
鯕,,,鲯,
鯖,,,鲭,
鯗,,鮝,鲞,
鯛,,,鲷,
鯝,,,鲴,
鯡,,,鲱,
鯢,,,鲵,
鯤,,,鲲,
鯧,,䱽,鲳,
鯨,,,鲸,
鯪,,,鲮,
鯫,,,鲰,
鯱,,,𩾇,
鯴,,,鲺,
鯶,,,𩽼,
鯷,,鮧,鳀,
鯽,,,鲫,
鯿,,,鳊,
鰁,,,鳈,
鰂,,,鲗,
鰃,,,鳂,
鰆,,,䲠,
鰈,,,鲽,
鰉,,鱑,鳇,
鰌,鰍魷,,䲡,
鰍,鰌魷,,鳅,
鰏,,,鲾,
鰐,,鱷,,
鰒,,,鳆,
鰓,,,鳃,
鰕,,蝦,,
鰛,鳁,,,
鰜,,,鳒,
鰟,,,鳑,
鰠,,,鳋,
鰣,,,鲥,
鰤,,,𫚕,
鰥,,,鳏,
鰧,,,䲢,
鰨,,,鳎,
鰩,,魟,鳐,
鰭,,,鳍,
鰮,,,鳁,
鰱,,,鲢,
鰲,,鼇,鳌,
鰳,,,鳓,
鰵,,,鳘,
鰷,,,鲦,
鰹,,,鲣,
鰺,,,鲹,
鰻,,,鳗,
鰼,,,鳛,
鰾,,,鳔,
鱂,,,鳉,
鱅,,,鳙,
鱇,,,𩾌,
鱈,,,鳕,
鱉,鼈龞,,鳖,
鱑,,鰉,,
鱒,,,鳟,
鱓,鱔,,,
鱔,,鱓,鳝,
鱖,,,鳜,
鱗,,,鳞,
鱘,,,鲟,
鱝,,,鲼,
鱟,,,鲎,
鱠,,膾,鲙,
鱣,,,鳣,
鱤,,,鳡,
鱧,,,鳢,
鱨,,,鲿,
鱭,,,鲚,
鱮,,,𫚈,
鱯,,,鳠,
鱷,,鰐,鳄,
鱸,,,鲈,
鱺,,,鲡,
鱻,,鮮,,
鱼,,,,魚
鱽,,,,魛
鱾,,,,魢
鱿,,,,魷
鲀,,,,魨
鲁,,,,魯
鲂,,,,魴
鲃,,,,䰾
鲄,,,,魺
鲅,,,,鮁
鲆,,,,鮃
鲈,,,,鱸
鲉,,,,鮋
鲊,,,,鮓
鲋,,,,鮒
鲌,,,,鮊
鲍,,,,鮑
鲎,,,,鱟
鲏,,,,鮍
鲐,,,,鮐
鲑,,,,鮭
鲒,,,,鮚
鲓,,,,鮳
鲔,,,,鮪
鲕,,,,鮞
鲖,,,,鮦
鲗,,,,鰂
鲘,,,,鮜
鲙,,,,鱠
鲚,,,,鱭
鲛,,,,鮫
鲜,,,,鮮
鲝,,,,鮺
鲞,,,,鯗
鲟,,,,鱘
鲠,,,,鯁
鲡,,,,鱺
鲢,,,,鰱
鲣,,,,鰹
鲤,,,,鯉
鲥,,,,鰣
鲦,,,,鰷
鲧,,,,鯀
鲨,,,,鯊
鲩,,,,鯇
鲪,,,,鮶
鲫,,,,鯽
鲬,,,,鯒
鲭,,,,鯖
鲮,,,,鯪
鲯,,,,鯕
鲰,,,,鯫
鲱,,,,鯡
鲲,,,,鯤
鲳,,,,鯧
鲴,,,,鯝
鲵,,,,鯢
鲷,,,,鯛
鲸,,,,鯨
鲹,,,,鰺
鲺,,,,鯴
鲻,,,,鯔
鲼,,,,鱝
鲽,,,,鰈
鲾,,,,鰏
鲿,,,,鱨
鳀,,,,鯷
鳁,鰛,,,鰮
鳂,,,,鰃
鳃,,,,鰓
鳄,,,,鱷
鳅,,,,鰍
鳆,,,,鰒
鳇,,,,鰉
鳈,,,,鰁
鳉,,,,鱂
鳊,,,,鯿
鳋,,,,鰠
鳌,,,,鰲
鳍,,,,鰭
鳎,,,,鰨
鳏,,,,鰥
鳐,,,,鰩
鳑,,,,鰟
鳒,,,,鰜
鳓,,,,鰳
鳔,,,,鰾
鳕,,,,鱈
鳖,,,,鱉
鳗,,,,鰻
鳘,,,,鰵
鳙,,,,鱅
鳚,,,,䲁
鳛,,,,鰼
鳜,,,,鱖
鳝,,,,鱔
鳞,,,,鱗
鳟,,,,鱒
鳠,,,,鱯
鳡,,,,鱤
鳢,,,,鱧
鳣,,,,鱣
鳥,,,鸟,
鳧,,,凫,
鳩,,,鸠,
鳫,雁,,,
鳮,鷄雞,,,
鳯,鳳,,,
鳲,,,鸤,
鳳,鳯,,凤,
鳴,,,鸣,
鳶,,,鸢,
鳷,,,𫛛,
鳼,,,𪉃,
鳾,,,䴓,
鴃,,鵙,𫛞,
鴄,,,,
鴆,,酖,鸩,
鴇,,,鸨,
鴈,雁,,,
鴉,鵶,,鸦,
鴎,鷗,,,
鴒,,,鸰,
鴕,,,鸵,
鴗,,,𫁡,
鴛,,,鸳,
鴜,,,𪉈,
鴝,,朐鸜,鸲,
鴞,,梟,鸮,
鴟,,,鸱,
鴣,,,鸪,
鴦,,,鸯,
鴨,,,鸭,
鴬,鶯,,,
鴯,,,鸸,
鴰,,,鸹,
鴲,,,𪉆,
鴳,,鷃,,
鴴,,,鸻,
鴷,,,䴕,
鴺,,鵜,,
鴻,,,鸿,
鴿,,,鸽,
鵁,,,䴔,
鵂,,,鸺,
鵃,,,鸼,
鵉,鸞,,,
鵐,,,鹀,
鵑,,,鹃,
鵒,,,鹆,
鵓,,,鹁,
鵙,,鴃,,
鵚,,,𪉍,
鵜,,鴺,鹈,
鵝,鵞,,鹅,
鵞,鵝,,,
鵠,,,鹄,
鵡,,,鹉,
鵪,,,鹌,
鵬,,,鹏,
鵮,,,鹐,
鵯,,,鹎,
鵰,,,,
鵲,,,鹊,
鵶,鴉,,,
鵷,,,鹓,
鵻,,隼,,
鵾,,,鹍,
鶂,,鶃,,
鶃,,鶂,,
鶄,,,䴖,
鶇,,,鸫,
鶉,,,鹑,
鶊,,,鹒,
鶏,雞,,,
鶒,,,𫛶,
鶓,,,鹋,
鶖,,,鹙,
鶗,,,𫛸,
鶘,,,鹕,
鶚,,,鹗,
鶡,,,鹖,
鶥,,,鹛,
鶩,,,鹜,
鶪,,,䴗,
鶬,,,鸧,
鶯,鴬,鸎,莺,
鶲,,,鹟,
鶴,,,鹤,
鶵,,雛,,
鶹,,,鹠,
鶺,,,鹡,
鶻,,,鹘,
鶼,,,鹣,
鶽,,隼,,
鶿,,,鹚,
鷁,,,鹢,
鷂,,,鹞,
鷃,,鴳,,
鷄,鳮雞,,,
鷆,鷏,,,
鷈,,,䴘,
鷊,,,鹝,
鷏,鷆,,,
鷓,,,鹧,
鷔,,,𪉑,
鷖,,,鹥,
鷗,鴎,,鸥,
鷙,,,鸷,
鷚,,,鹨,
鷥,,,鸶,
鷦,,,鹪,
鷨,,,𪉊,
鷩,,氅,,
鷫,,,鹔,
鷯,,,鹩,
鷰,燕,,,
鷲,,,鹫,
鷳,,,鹇,
鷸,,,鹬,
鷹,,,鹰,
鷺,,,鹭,
鷽,,,鸴,
鷿,,,䴙,
鸂,,,㶉,
鸇,,,鹯,
鸋,,,𫛢,
鸌,,,鹱,
鸎,,鶯,,
鸏,,,鹲,
鸕,,,鸬,
鸘,,,鹴,
鸚,,,鹦,
鸛,,,鹳,
鸜,,朐鴝,,
鸝,,,鹂,
鸞,鵉,,鸾,
鸟,,,,鳥
鸠,,,,鳩
鸡,雞,,,雞
鸢,,,,鳶
鸣,,,,鳴
鸤,,,,鳲
鸥,,,,鷗
鸦,,,,鴉
鸧,,,,鶬
鸨,,,,鴇
鸩,,,,鴆
鸪,,,,鴣
鸫,,,,鶇
鸬,,,,鸕
鸭,,,,鴨
鸮,,,,鴞
鸯,,,,鴦
鸰,,,,鴒
鸱,,,,鴟
鸲,,,,鴝
鸳,,,,鴛
鸴,,,,鷽
鸵,,,,鴕
鸶,,,,鷥
鸷,,,,鷙
鸸,,,,鴯
鸹,,,,鴰
鸺,,,,鵂
鸻,,,,鴴
鸼,,,,鵃
鸽,,,,鴿
鸾,,,,鸞
鸿,,,,鴻
鹀,,,,鵐
鹁,,,,鵓
鹂,,,,鸝
鹃,,,,鵑
鹄,,,,鵠
鹅,,,,鵝
鹆,,,,鵒
鹇,,,,鷳
鹈,,,,鵜
鹉,,,,鵡
鹊,,,,鵲
鹋,,,,鶓
鹌,,,,鵪
鹍,,,,鵾
鹎,,,,鵯
鹏,,,,鵬
鹐,,,,鵮
鹑,,,,鶉
鹒,,,,鶊
鹓,,,,鵷
鹔,,,,鷫
鹕,,,,鶘
鹖,,,,鶡
鹗,,,,鶚
鹘,,,,鶻
鹙,,,,鶖
鹚,,,,鶿
鹛,,,,鶥
鹜,,,,鶩
鹝,,,,鷊
鹞,,,,鷂
鹟,,,,鶲
鹠,,,,鶹
鹡,,,,鶺
鹢,,,,鷁
鹣,,,,鶼
鹤,,,,鶴
鹥,,,,鷖
鹦,,,,鸚
鹧,,,,鷓
鹨,,,,鷚
鹩,,,,鷯
鹪,,,,鷦
鹫,,,,鷲
鹬,,,,鷸
鹭,,,,鷺
鹮,,,,䴉
鹯,,,,鸇
鹰,,,,鷹
鹱,,,,鸌
鹲,,,,鸏
鹳,,,,鸛
鹴,,,,鸘
鹵,,,卤,
鹸,鹼硷,,,
鹹,,,咸,
鹺,,,鹾,
鹻,碱鹼堿,,,
鹼,碱鹻堿,,碱硷,
鹽,塩𥂁䀋,,盐,
鹾,,,,鹺
鹿,,,,
麁,麤,觕麄,,
麄,,觕麤粗,,
麇,,麕,,
麐,,麟,,
麓,梺,,,
麕,,麇,,
麗,,,丽,
麞,,獐,,
麟,,麐,,
麤,,觕麄粗,,
麥,,,麦,
麦,,,,麥
麨,,,𪎊,
麩,,,麸,
麪,麺麵,,,
麫,,麵,,
麯,麴,,,
麰,,牟,,
麲,,,𪎉,
麴,麹麯,,,
麵,麺麪麫,,面,
麸,,,,麩
麹,麴,,,
麺,麪麵,,,
麻,菻,蔴,,
麼,庅麽,,么,
麽,庅麼,,么,
黃,,,黄,
黄,,,,黃
黉,,,,黌
黌,,,黉,
黎,,,,
黏,,粘,,
黑,黒,,,
黒,黑,,,
默,黙,,,
黙,默,,,
點,奌,点,点,
黡,,,,黶
黨,,,党,
黩,,,,黷
黪,,,,黲
黲,,,黪,
黶,,,黡,
黷,,,黩,
黽,,,黾,
黾,,,,黽
黿,,,鼋,
鼂,鼌,,,
鼃,,蛙,,
鼄,蛛,,,
鼅,蜘,,,
鼇,,鰲,,
鼈,鱉,,,
鼉,,,鼍,
鼋,,,,黿
鼌,鼂,,,
鼍,,,,鼉
鼎,,𪔂,,
鼏,,幂冪,,
鼓,皼皷鼔,,,
鼔,皼鼓皷,,,
鼕,,,冬,
鼗,,鞉鞀,,鞀
鼠,鼡,,,
鼡,鼠,,,
鼴,,,鼹,
鼹,,,,鼴
齁,,𪖙,,
齅,,嗅,,
齊,斉亝,,齐,
齋,斎,斋,斋,
齎,,賫,赍,
齏,韲,,齑,
齐,,,,齊
齑,,,,齏
齒,歯,,齿,
齔,,,龀,
齕,,,龁,
齗,,,龂,
齙,,,龅,
齜,,,龇,
齟,,,龃,
齠,,,龆,
齡,齢,,龄,
齢,齡,,,
齦,,啃,龈,
齧,嚙,囓,,
齩,咬,,,
齪,,,龊,
齬,,,龉,
齲,,,龋,
齶,,腭,腭,
齷,,,龌,
齿,,,,齒
龀,,,,齔
龁,,,,齕
龂,,,,齗
龃,,,,齟
龄,,,,齡
龅,,,,齙
龆,,,,齠
龇,,,,齜
龈,,,,齦
龉,,,,齬
龊,,,,齪
龋,,,,齲
龌,,,,齷
龍,尨竜,龒,龙,
龎,龐厖厐,,厐,
龐,厐龎厖,龎,庞,
龑,,,䶮,
龒,,龍,,
龓,,䪊,,
龔,,,龚,
龕,,,龛,
龙,,,,龍
龚,,,,龔
龛,,,,龕
龜,亀,,龟,
龝,䆋,秋,,
龞,鱉,,,
龟,,,,龜
龠,,籥,,
龡,,吹,,
龢,,咊和,,
龤,,諧,,
龥,,籲,,
龭,,,𩨎,
龯,,,𨱆,
鿌,,涼,,
𠂤,,𣳨,,
𠆌,,庸,,
𠆲,,,,儣
𠆿,,,,𠌥
𠉂,,,,㒓
𠉗,,,,𠏢
𠊧,,併,,
𠌥,,,𠆿,
𠏢,,,𠉗,
𠔃,,兮,,
𠕄,,凹,,
𠖥,,寵,,
𠗦,,憑,,
𠚳,,,,𠠎
𠚹,,芟,,
𠛅,,,,剾
𠛆,,,,𠞆
𠜎,,鏾,,
𠜼,,掐,,
𠞆,,,𠛆,
𠞰,,剿,,
𠠎,,,𠚳,
𠭴,,㑁,,
𠯗,,咂,,
𠯟,,,,哯
𠯠,,,,噅
𠱓,,𠼮,,
𠱘,,𠸺,,
𠲥,,,,𡅏
𠲿,,欶,,
𠴢,,,,𡄔
𠵸,,,,𡄣
𠵾,,,,㗲
𠸺,,𠱘,,
𠼮,,𠱓,,
𡄔,,,𠴢,
𡄣,,,𠵸,
𡅈,,嚹,,
𡅏,,,𠲥,
𡈙,,囮,,
𡋀,,,,𡓾
𡋗,,,,𡑭
𡑞,,隧,,
𡑭,,,𡋗,
𡒃,,隩,,
𡒄,,,,壈
𡓾,,,𡋀,
𡚁,,弊,,
𡜱,,嫉,,
𡝠,,,,㜷
𡞱,,,,㜢
𡞵,,,㛟,
𡞾,,嫩,,
𡠹,,,㛿,
𡢃,,,㛠,
𡨴,,寧,,
𡭜,,,,𡮉
𡭬,,,,𡮣
𡮉,,,𡭜,
𡮣,,,𡭬,
𡱆,,屬属,,
𡲕,,屜,,
𡶴,,,,嵼
𡻕,,岁歲亗,,
𡾱,,,㟜,
𢂑,,拭,,
𢅏,,㡘簾,,
𢅖,,簾,,
𢆞,,䄯,,
𢊍,,㕑厨,,
𢋈,,,,㢝
𢐧,,檠,,
𢕐,,渹訇,,
𢘝,,,,𢣚
𢘞,,,,𢣭
𢙓,,,,懀
𢙢,,恐,,
𢙱,,㑝,,
𢛯,,,,㦎
𢜫,,惺,,
𢠳,,憋,,
𢠵,,惝,,
𢣚,,,𢘝,
𢣭,,,𢘞,
𢥠,,悚,,
𢫊,,,,𢷮
𢫞,,,,𢶫
𢫬,,,,摋
𢬦,,,,𢹿
𢭆,,抽,,
𢭏,,,,擣
𢯱,,搜,,
𢰾,,摠總,,
𢲷,,搜,,
𢳆,,摮,,
𢳜,,漇,,
𢶑,,𢸣,,
𢶣,,㩹,,
𢶫,,,𢫞,
𢷮,,,𢫊,
𢸣,,𢶑,,
𢹿,,,𢬦,
𢽾,,,,斅
𣁀,𧥙,,,
𣁚,,𣁟,,
𣁟,,𣁚,,
𣆐,,,,曥
𣉞,,暠,,
𣍨,,,,𦢈
𣍯,,,,腪
𣍰,,,,脥
𣎑,,,,臗
𣐤,,,,欍
𣑶,,,,𣠲
𣓌,,槹,,
𣔼,,竿,,
𣗋,,,,欓
𣘓,,,,𣞻
𣘴,,,,檭
𣘷,,,,𣝕
𣙎,,,㭣,
𣝕,,,𣘷,
𣞻,,,𣘓,
𣠲,,,𣑶,
𣭤,,,,𣯴
𣯴,,,𣭤,
𣳨,,𠂤,,
𣶩,,,,澅
𣶫,,,,𣿉
𣸣,,,,濆
𣺼,,,,灙
𣺽,,,,𤁣
𣽷,,,,瀃
𣽽,潸,,,
𣾷,,,㳢,
𣿉,,,𣶫,
𤁣,,,𣺽,
𤆍,,赤,,
𤆡,,,,熓
𤇃,,,,爄
𤇄,,,,熌
𤈶,,,,熉
𤈷,,,,㷿
𤊀,,,,𤒎
𤋏,,,,熡
𤍠,,熱,,
𤎱,,臇,,
𤑕,爋,熏,,
𤒎,,,𤊀,
𤕭,,將将,,
𤕯,,漿,,
𤞤,,,,玁
𤠋,,,,㺏
𤢕,,斁,,
𤢪,,獵,,
𤦀,,,,瓕
𤧚,,璁,,
𤪺,,,㻘,
𤫩,,,㻏,
𤮨,,礱,,
𤳄,,,,𤳸
𤳸,,,𤳄,
𤶧,,,,𤸫
𤸫,,,𤶧,
𤽯,,,,㿧
𤾀,,,,皟
𥁕,,昷,,
𥂁,,鹽,,
𥅘,,,,𥌃
𥅴,,,,䀹
𥅾,,䚎,,
𥆧,,,,瞤
𥇢,,,,䁪
𥈟,,瞍,,
𥋟,,䂀,,
𥌃,,,𥅘,
𥐘,,石,,
𥐞,,硭,,
𥐟,,,,礒
𥐯,,,,𥖅
𥐰,,,,𥕥
𥐻,,,,碙
𥓿,,鉈砣,,
𥔀,,渹訇,,
𥕥,,,𥐰,
𥖅,,,𥐯,
𥜌,,澳襖,,
𥝢,,利,,
𥢢,,,䅪,
𥥅,,竉,,
𥧂,,,,𥨐
𥨐,,,𥧂,
𥫱,,囤,,
𥬀,,,,䉙
𥬞,,,,籋
𥬠,,,,篘
𥭉,,,,𥵊
𥮋,,,,𥸠
𥮜,,,,䉲
𥱔,,,,𥵃
𥵃,,,𥱔,
𥵊,,,𥭉,
𥵚,,竻,,
𥸠,,,𥮋,
𥹥,,,,𥼽
𥺅,,,,䊭
𥺇,,,,𥽖
𥻟,,糯,,
𥼽,,,𥹥,
𥽖,,,𥺇,
𥿊,,,𦈈,
𦀇,,經,,
𦂅,,,𦈒,
𦃄,,,𦈗,
𦈈,,,,𥿊
𦈉,,,,緷
𦈋,,,,綇
𦈌,,,,綀
𦈎,,,,繟
𦈏,,,,緍
𦈐,,,,縺
𦈑,,,,緸
𦈒,,,,𦂅
𦈓,,,,䋿
𦈔,,,,縎
𦈕,,,,緰
𦈖,,,,䌈
𦈗,,,,𦃄
𦈘,,,,䌋
𦈙,,,,䌰
𦈚,,,,縬
𦈛,,,,繓
𦈜,,,,䌖
𦈝,,,,繏
𦈞,,,,䌟
𦈟,,,,䌝
𦈠,,,,䌥
𦈡,,,,繻
𦍩,,羖,,
𦕒,,覘䦓,,
𦙵,,腕,,
𦙶,,股,,
𦙼,,骴,,
𦚓,,胓,,
𦛨,,,,朥
𦝼,,,,膢
𦞣,,臊,,
𦟗,,,,𦣎
𦟤,,饈,,
𦢈,,,𣍨,
𦢌,,殰,,
𦣎,,,𦟗,
𦤎,,臯,,
𦨩,,,,𦪽
𦪽,,,𦨩,
𦰴,,,,䕳
𦱄,,菇,,
𦲷,,蒞,,
𦷝,,芻,,
𦽊,,驊,,
𧉞,,,,䗿
𧋍,,蜇,,
𧌓,,蛗,,
𧐅,,蛆,,
𧐢,,蠔,,
𧒭,,,,𧔥
𧔥,,,𧒭,
𧘂,,衝,,
𧙀,,𧞪,,
𧜗,,,䘞,
𧜵,,,䙊,
𧝞,,,䘛,
𧞪,,𧙀,,
𧥙,𣁀,,,
𧩙,,誕,䜥,
𧬨,,噦,,
𧮪,,,,詀
𧰊,,磌,,
𧳕,,,,𧳟
𧳟,,,𧳕,
𧴯,,孭,,
𧵳,,,䞌,
𧶔,,,𧹓,
𧶧,,,䞎,
𧶶,,販,,
𧸖,,贃,,
𧹑,,,,䞈
𧹓,,,,𧶔
𧹕,,,,䝻
𧹖,,,,賟
𧹗,,,,贃
𧺯,,,,
𧿈,,,,𨇁
𧿹,,拇,,
𨀱,,,,𨄣
𨁴,,,,𨅍
𨂺,,,,𨈊
𨃞,,𨃟,,
𨃟,,𨃞,,
𨄄,,,,𨈌
𨄣,,,𨀱,
𨅍,,,𨁴,
𨅫,,,,𨇞
𨅬,,,,躝
𨇁,,,𧿈,
𨇞,,,𨅫,
𨈊,,,𨂺,
𨈌,,,𨄄,
𨈚,,𨉉,,
𨉉,,𨈚,,
𨉗,,,,軉
𨊰,,,䢀,
𨊸,,,䢁,
𨊻,,,𨐆,
𨋢,,,䢂,
𨌩,,,,
𨍳,,軺,,
𨎮,,,𨐉,
𨏠,,,𨐇,
𨏥,,,𨐊,
𨐅,,,,軗
𨐆,,,,𨊻
𨐇,,,,𨏠
𨐈,,,,輄
𨐉,,,,𨎮
𨐊,,,,𨏥
𨑒,,徒,,
𨑹,,,,䢨
𨢥,,䤍,,
𨣦,,藇,,
𨤰,,,,𨤻
𨤻,,,𨤰,
𨥛,,,𨱀,
𨦫,,,䦀,
𨧜,,,䦁,
𨧱,,,𨱊,
𨫒,,,𨱐,
𨮂,,,𨱕,
𨯅,,,䥿,
𨰾,,,,鎷
𨰿,,,,釳
𨱀,,,,𨥛
𨱁,,,,鈠
𨱂,,,,鈋
𨱃,,,,鈲
𨱄,,,,鈯
𨱅,,,,鉁
𨱆,,,,龯
𨱇,,,,銶
𨱈,,,,鋉
𨱉,,,,鍄
𨱊,,,,𨧱
𨱋,,,,錂
𨱌,,,,鏆
𨱍,,,,鎯
𨱎,,,,鍮
𨱏,,,,鎝
𨱐,,,,𨫒
𨱑,,,,鐄
𨱒,,,,鏉
𨱓,,,,鐎
𨱔,,,,鐏
𨱕,,,,𨮂
𨱖,,,,䥩
𨳑,,,𨸁,
𨳕,,,𨸀,
𨴗,,,𨸅,
𨵩,,,𨸆,
𨵸,,,𨸇,
𨶀,,,𨸉,
𨶏,,,𨸊,
𨶮,,,𨸌,
𨶲,,,𨸋,
𨶹,,関,,
𨷲,,,𨸎,
𨷿,,,,䦳
𨸀,,,,𨳕
𨸁,,,,𨳑
𨸂,,,,閍
𨸃,,,,閐
𨸄,,,,䦘
𨸅,,,,𨴗
𨸆,,,,𨵩
𨸇,,,,𨵸
𨸉,,,,𨶀
𨸊,,,,𨶏
𨸋,,,,𨶲
𨸌,,,,𨶮
𨸎,,,,𨷲
𨸘,,,,𨽏
𨸚,,級,,
𨸟,,,,䧢
𨸬,,陣,,
𨻲,,罅,,
𨽏,,,𨸘,
𩋘,,鞋,,
𩋧,,,,
𩎢,,,𩏾,
𩏪,,,𩏽,
𩏼,,,,䪏
𩏽,,,,𩏪
𩏾,,,,𩎢
𩏿,,,,䪘
𩐀,,,,䪗
𩓣,,,𩖕,
𩔗,,類,,
𩖕,,,,𩓣
𩖖,,,,顃
𩖗,,,,䫴
𩗀,,,𩙦,
𩘀,,,𩙩,
𩘝,,,𩙭,
𩘹,,,𩙨,
𩘺,,,𩙬,
𩙈,,,𩙰,
𩙥,,,,颰
𩙦,,,,𩗀
𩙧,,,,䬞
𩙨,,,,𩘹
𩙩,,,,𩘀
𩙪,,,,颷
𩙫,,,,颾
𩙬,,,,𩘺
𩙭,,,,𩘝
𩙮,,,,䬘
𩙯,,,,䬝
𩙰,,,,𩙈
𩚛,,,𩟿,
𩚥,,,𩠀,
𩚵,,,𩠁,
𩛆,,,𩠂,
𩛩,,,𩠃,
𩜇,,,𩠉,
𩜦,,,𩠆,
𩜵,,,𩠊,
𩝔,,,𩠋,
𩞄,,,𩠎,
𩞦,,,𩠏,
𩞯,,,䭪,
𩟐,,,𩠅,
𩟿,,,,𩚛
𩠀,,,,𩚥
𩠁,,,,𩚵
𩠂,,,,𩛆
𩠃,,,,𩛩
𩠅,,,,𩟐
𩠆,,,,𩜦
𩠇,,,,䭀
𩠈,,,,䭃
𩠉,,,,𩜇
𩠊,,,,𩜵
𩠋,,,,𩝔
𩠌,,,,餸
𩠎,,,,𩞄
𩠏,,,,𩞦
𩠑,,頂,,
𩠠,,,,𩠴
𩠴,,,𩠠,
𩡺,,,𩧦,
𩢡,,,𩧬,
𩢲,,駛,,
𩢴,,,𩧵,
𩢸,,,𩧳,
𩢾,,,𩧮,
𩣏,,,𩧶,
𩣑,,,䯃,
𩣺,,,𩧼,
𩤊,,,𩧩,
𩤙,,,𩨆,
𩤲,,,𩨉,
𩤸,,,𩨅,
𩥄,,,𩨋,
𩥇,,,𩨍,
𩥉,,,𩧱,
𩥑,,,𩨌,
𩦢,,虞,,
𩧆,,,𩨐,
𩧦,,,,𩡺
𩧨,,,,駎
𩧩,,,,𩤊
𩧪,,,,䮾
𩧫,,,,駚
𩧬,,,,𩢡
𩧭,,,,䭿
𩧮,,,,𩢾
𩧯,,,,驋
𩧰,,,,䮝
𩧱,,,,𩥉
𩧲,,,,駧
𩧳,,,,𩢸
𩧴,,,,駩
𩧵,,,,𩢴
𩧶,,,,𩣏
𩧺,,,,駶
𩧼,,,,𩣺
𩧿,,,,䮠
𩨀,,,,騔
𩨁,,,,䮞
𩨃,,,,騝
𩨄,,,,騪
𩨅,,,,𩤸
𩨆,,,,𩤙
𩨇,,,,䮫
𩨈,,,,騟
𩨉,,,,𩤲
𩨊,,,,騚
𩨋,,,,𩥄
𩨌,,,,𩥑
𩨍,,,,𩥇
𩨎,,,,龭
𩨏,,,,䮳
𩨐,,,,𩧆
𩨘,,肐胳,,
𩬣,,,,𩭙
𩬤,,,,𩰀
𩭙,,,𩬣,
𩯒,,,,𩯳
𩯭,,鬓,,
𩯳,,,𩯒,
𩰀,,,𩬤,
𩲒,,,,𩳤
𩳤,,,𩲒,
𩵩,,,𩽺,
𩵹,,,𩽻,
𩶘,,,䲞,
𩶰,,,𩽿,
𩶱,,,𩽽,
𩷰,,,𩾄,
𩸃,,,𩾅,
𩸦,,,𩾆,
𩽹,,,,魥
𩽺,,,,𩵩
𩽻,,,,𩵹
𩽼,,,,鯶
𩽽,,,,𩶱
𩽾,,,,鮟
𩽿,,,,𩶰
𩾁,,,,鯄
𩾂,,,,䲖
𩾃,,,,鮸
𩾄,,,,𩷰
𩾅,,,,𩸃
𩾆,,,,𩸦
𩾇,,,,鯱
𩾈,,,,䱙
𩾊,,,,䱬
𩾋,,,,䱰
𩾌,,,,鱇
𩿪,,,𪉄,
𪀦,,,𪉅,
𪀾,,,𪉋,
𪁈,,,𪉉,
𪁖,,,𪉌,
𪂆,,,𪉎,
𪃍,,,𪉐,
𪃏,,,𪉏,
𪄆,,,𪉔,
𪄕,,,𪉒,
𪇳,,,𪉕,
𪉂,,,,䲰
𪉃,,,,鳼
𪉄,,,,𩿪
𪉅,,,,𪀦
𪉆,,,,鴲
𪉈,,,,鴜
𪉉,,,,𪁈
𪉊,,,,鷨
𪉋,,,,𪀾
𪉌,,,,𪁖
𪉍,,,,鵚
𪉎,,,,𪂆
𪉏,,,,𪃏
𪉐,,,,𪃍
𪉑,,,,鷔
𪉒,,,,𪄕
𪉔,,,,𪄆
𪉕,,,,𪇳
𪋿,,,𪎍,
𪎈,,,,䴬
𪎉,,,,麲
𪎊,,,,麨
𪎋,,,,䴴
𪎍,,,,𪋿
𪔂,,鼎,,
𪔭,,,,𪔵
𪔵,,,𪔭,
𪖙,,齁,,
𪘀,,,𪚏,
𪘯,,,𪚐,
𪚏,,,,𪘀
𪚐,,,,𪘯
𪞝,,,,凙
𪡏,,,,嗹
𪢮,,,,圞
𪨊,,,,㞞
𪨗,,,,屩
𪪝,,雝雍邕,,
𪻐,,,,瑽
𪾢,,,,睍
𫁡,,,,鴗
𫂈,,,,䉬
𫄨,,,,絺
𫄸,,,,纁
𫌀,,,,襀
𫌨,,,,覼
𫍙,,,,訑
𫍟,,,,詑
𫍢,,,,譊
𫍰,,,,諰
𫍲,,,,謏
𫏋,,,,蹻
𫐄,,,,軏
𫐆,,,,轣
𫐉,,,,軨
𫐐,,,,輗
𫐓,,,,輮
𫓧,,,,鈇
𫓩,,,,鏦
𫔎,,,,鐍
𫗠,,,,餦
𫗦,,,,餔
𫗧,,,,餗
𫗮,,,,餭
𫗴,,,,饘
𫘝,,,,駃
𫘣,,,,駻
𫘤,,,,騃
𫘨,,,,騠
𫚈,,,,鱮
𫚉,,,,魟
𫚒,,,,鮄
𫚔,,,,鮰
𫚕,,,,鰤
𫚙,,,,鯆
𫛛,,,,鳷
𫛞,,,,鴃
𫛢,,,,鸋
𫛶,,,,鶒
𫛸,,,,鶗
